,word
0,패죽
1,기뷴
2,유독
3,이하
4,침략
5,광탈
6,충전
7,애도
8,안남
9,지방
10,큰일
11,국민
12,개좆팔
13,고각
14,그동안
15,십십
16,하자
17,없음티밍
18,딜안쳐넣
19,렉때매
20,현질
21,캐좀
22,십만원
23,알람
24,못하겟네틱
25,청약
26,포코
27,엇네
28,접음티밍떼문
29,빙자
30,효자
31,달동
32,영안
33,구례
34,렉좀
35,폐암
36,점때
37,좆발
38,형편
39,붙이
40,반감
41,세계지도
42,아애
43,데잍
44,시부
45,게떡
46,이모
47,분발
48,조리
49,년전
50,삿는데
51,홧팅
52,아니레
53,주더
54,말합
55,게지려버
56,접기
57,사용
58,운영
59,심핮잖
60,주황색
61,쩌네
62,인식
63,잠도
64,에너지드링크
65,절차
66,통보
67,쌔끼
68,씨벨
69,붇혀주
70,면서
71,자꾸
72,모양
73,느낌표
74,피똥
75,접갯습니
76,범위
77,마동석
78,빈사
79,연락
80,남고
81,켯는데
82,이스트
83,이함
84,이슈
85,해도
86,겜티밍
87,유튜버
88,다이너마이트
89,부수
90,진작
91,버프않하
92,감지
93,서지고
94,그르타
95,반응속도
96,바닥
97,팩트
98,사서
99,줮망겜
100,분별이
101,월드
102,좀제
103,머리
104,씨발련
105,회의
106,너프
107,그따위
108,샂제
109,때기
110,눈정신
111,편차
112,탱커
113,티밍쇼다운
114,좇퍼셀
115,접속장애
116,겜핵
117,브룩
118,곧바로
119,흥미
120,해햇
121,편도
122,서지
123,꼴등
124,오늘
125,파안
126,애망애
127,잔뜩
128,반응
129,좀욕
130,상복
131,신명
132,클래스
133,낙인
134,버는거
135,충혈
136,노이로제
137,직접
138,솔큐
139,클럽
140,삘타
141,업순
142,거임
143,빡겜
144,매기
145,조건
146,찌바
147,개똥
148,듀티
149,대책
150,대자
151,꼬와
152,엡뎃
153,수두
154,가까이
155,평균
156,다식
157,부활
158,닌까
159,랭킹
160,스킬
161,회신
162,일방
163,티어
164,아치
165,상남동
166,적렉
167,빵구똥구
168,어쩌구
169,안생겨요
170,발송
171,아아
172,렌스
173,개젖
174,지자
175,결과
176,아떻개
177,트리플
178,호더벟버대
179,튕겨요저꾸
180,대면
181,이석
182,당희
183,패턴
184,증거
185,난적
186,사건
187,병진
188,팀킬
189,난무
190,원거리
191,수준
192,극악
193,세이브
194,튕김
195,일이
196,킬수잇
197,포이
198,삐삐
199,조화
200,온라인
201,오픈
202,팀운빨
203,운빨창렬
204,개땀
205,줮같아
206,개썻는데
207,정리
208,캐린터
209,대화
210,만들엇어
211,데뭐
212,개망겜팀운
213,가왜
214,있넜는데
215,랭겜같
216,리폿
217,하이큐
218,나사
219,전체
220,천안문
221,와인
222,디자인
223,제닉넴
224,병인
225,핥아뭥
226,대무
227,거짓
228,빡빡
229,뒺졌는
230,갑임
231,차단
232,답니
233,내지
234,졷망겜
235,인애
236,미국
237,탈주
238,이번업뎃
239,특정
240,렙찍
241,요소
242,중앙
243,진영
244,개좆
245,협공
246,풀빵
247,안정수
248,것임
249,개씝년들
250,조종
251,시즈
252,된다헤
253,쎄이
254,인생
255,묵적
256,쓸모
257,커버
258,이개
259,수직
260,완천
261,제발
262,선좀
263,위도
264,다화
265,샊이들
266,랙걸려
267,웱응
268,구인
269,구가
270,컨텐츠
271,하든
272,와파랙
273,신개
274,부로
275,체크
276,부어
277,가모
278,로보트
279,므넌
280,따리
281,직할
282,레진
283,담합
284,모자
285,뒤랭
286,증말루
287,주거
288,상태
289,통신망
290,제밌
291,저작권
292,만천
293,좀별
294,재거
295,인물
296,스크린샷
297,드립
298,개빡돈다고
299,이속
300,교체
301,랙엥간히
302,사라졋내
303,끈킴맨날
304,안통
305,하루
306,균형
307,욕바
308,빈번
309,오늘아침
310,단어
311,떼문
312,명의
313,권리
314,돈버
315,것때매
316,처주새
317,티밍때
318,조오오
319,쓸땨없는더
320,역대
321,정식
322,티밍
323,호한
324,솔직
325,어뷰
326,진절머리
327,뭣같
328,노래
329,것때메
330,빈애
331,서한
332,주접
333,두루
334,데헷
335,콜라보
336,걸음
337,홍콩
338,진년
339,개발자
340,창년
341,지세
342,메칭좀망겜
343,배정
344,티밍들
345,화만
346,동생
347,구리면
348,고챠
349,메커니즘
350,별로
351,시험
352,죤내
353,수장
354,뭐시기
355,스토
356,눈빛
357,래밸쩩었
358,패드
359,렙되
360,오디오
361,스트레스
362,질때
363,리뉴
364,치자
365,과실
366,이서
367,물약
368,파산
369,직진
370,곤도
371,섭정
372,발좀
373,앖애
374,반발
375,재생
376,더벙
377,고사
378,미터
379,티밍티밍때문
380,폭망돈
381,랭크짜리
382,욕설
383,라면
384,고함
385,고기
386,똥망겜응
387,캐릿터
388,날때
389,줮밥대
390,살기
391,방어
392,꿀팁
393,수정
394,배경음악
395,파파
396,신기
397,획득
398,트리
399,자장면
400,자세
401,상납
402,무지막지
403,레기들
404,생산
405,밸좇망겜
406,주네
407,수만
408,마찬가지
409,아시
410,치부
411,힙듬
412,업그레이드
413,마구
414,보완
415,대답
416,똥망겜
417,잡기
418,팀운좀
419,와티밍때문
420,챗등
421,여야
422,끝판
423,차별
424,특수
425,질서
426,서버
427,해대
428,시브
429,쫌해
430,겜팀운
431,퇴근
432,발련
433,로좀
434,분뒤
435,화병
436,눈물
437,방망이
438,편집
439,이골
440,판매
441,보통
442,존버충들
443,시붕방
444,통해
445,생각
446,개속
447,코드
448,즐겜러
449,종종
450,자빠
451,가디
452,좆밥
453,대주
454,방향
455,엠창갬
456,임개
457,먀치
458,전화번호
459,라리
460,안깟는데
461,결함핑렉
462,상대방
463,벙퉝길때도있
464,만드셧음
465,똥찬년
466,와퍼
467,소송
468,타라
469,회시
470,크게
471,스테잊
472,짜증
473,멀리
474,진판
475,잘만
476,페티시
477,파웠
478,관심
479,링크
480,누락
481,증말
482,말씀
483,보조
484,저서
485,어버이
486,바팀좀
487,정란
488,하주
489,번은
490,모습
491,제일
492,정설
493,제한
494,구두쇠
495,개엠
496,왜함
497,로블
498,허세
499,충족
500,다카
501,한게임
502,렉맵
503,심정
504,좃망겜애
505,좃같다
506,깡통
507,끼리
508,버벅거려
509,리저
510,버퍼링
511,케쉬질
512,티밍개심
513,때메
514,팀좀
515,전호
516,평생
517,충돌
518,대가리
519,프랜즈
520,불만
521,유무
522,요나
523,큐망겜
524,써버랙
525,쌍욕
526,업뎃한거
527,좀해
528,버벅거릴순
529,랭크제도
530,치하
531,패작러들쫌
532,충분
533,잡종
534,젬모드
535,금방
536,투자
537,아래
538,메뉴
539,장르
540,롸허
541,도박
542,방관
543,개븅신
544,챔피언십
545,악성
546,만듭
547,벨붕
548,살살
549,패작
550,따윈
551,초당
552,환자
553,어려움
554,렙팩을깟는데
555,파트
556,인성
557,후지
558,일도
559,계속
560,거꾸로
561,개편
562,겜망겜임
563,개화
564,빡종
565,대문
566,목소리
567,상장
568,리가
569,구입
570,깍지
571,유료
572,련등
573,재밍
574,는데
575,유노
576,확율좀
577,호로
578,주문
579,튕겨요툉겨
580,비비
581,때왜욕
582,실력
583,손가락
584,가제
585,똥겜임
586,뎅해
587,파라
588,중딩
589,랩빨
590,봣더
591,만두
592,가급
593,여성
594,싸이
595,이바
596,의지
597,사용자
598,랙캐시
599,쓰기
600,나이
601,친추
602,못하겟
603,구분
604,후회
605,십원
606,하내
607,주적
608,페작러땜
609,개애
610,지보면
611,쳦습니
612,문화
613,추락
614,수도
615,저하
616,툭툭
617,저능
618,개새끼
619,개븅딱으로아
620,매크로
621,급전
622,어디가
623,피존
624,연결
625,판이
626,재폰
627,잘못
628,네야
629,주머니
630,나열
631,이득
632,오버타임
633,어픈
634,변명
635,자기계발
636,수임
637,후진국
638,화질
639,수록
640,밍좃
641,자뀨퉝겨
642,국밥
643,해로움
644,티밍여기
645,터팩
646,환가
647,무제한
648,볼때
649,만화
650,상테
651,바이러스
652,돌렷는데
653,이묜소
654,절대로
655,애머기
656,곰탱이
657,학러
658,도해
659,지금
660,유명
661,클릭
662,랙때문
663,똥껨게임
664,질리
665,통합
666,두건
667,오전
668,슈펴셀
669,겄입니
670,오지
671,눈앞
672,처분
673,엘지
674,개망겜
675,이이
676,고시
677,비슷
678,설명
679,기회
680,왜렉
681,차니
682,굿굿
683,튕김튕
684,궁도
685,화낼
686,넷마블
687,재롱둥이
688,날림
689,텨해
690,티스
691,안준
692,제이
693,밸런스
694,권장
695,횟수
696,방만
697,이영웅
698,장담
699,육칠십
700,오토
701,마리
702,시점
703,작자
704,안대
705,기침
706,주작
707,먹기
708,린다
709,망겜벨붕
710,파렉
711,티밍좀티밍못하
712,스푼
713,아저씨
714,개조
715,딴사람
716,윤겔라
717,브록
718,롬들
719,칼땜
720,바탕화면
721,리기
722,쓰래
723,국가
724,느낌
725,다운
726,앰즈
727,역전
728,코딩
729,뭔가
730,인테넷
731,호흡
732,둘걸
733,기능
734,복판
735,전환
736,진전
737,아주
738,어른
739,계시
740,엘프
741,학계
742,공기
743,팀빨
744,안치
745,어캐
746,형평성
747,모바일
748,소년
749,미칀십얼
750,물량
751,트롬
752,반면
753,튕길때
754,다이노
755,결함
756,가족
757,엿같
758,효율
759,사촌
760,을지
761,기간
762,대인
763,스니
764,창애
765,바보바보
766,사가
767,도개
768,안보
769,눌림
770,안하쥬
771,졍신
772,시발
773,혼줄
774,망겜내
775,유사
776,쭉쭉
777,크로우
778,클래시
779,궁때매
780,디테일
781,덤불
782,개그
783,왜저
784,필수
785,전해
786,점좀
787,스코어
788,심보
789,문워크
790,덕분
791,티밍천
792,사항
793,겜존
794,고장
795,웰케
796,수가
797,휴먼
798,분배
799,무현
800,해융
801,튕기잖
802,와우
803,비장
804,오초
805,티밍애미
806,적군
807,분홍색
808,색도
809,가챠
810,해죽
811,원레
812,개색기
813,김치찌개
814,밍때매
815,시즌
816,노트
817,정뚝
818,시방
819,정치
820,퍼다
821,중독
822,개인아
823,이외
824,치질
825,발람
826,세상
827,위임
828,가집
829,만들기
830,프랑
831,브롤러
832,그것
833,불구
834,버고
835,어플
836,과금러
837,액정
838,경기도
839,상자
840,브랄
841,해좀
842,빨겜
843,해조
844,삘리
845,개새꺄
846,신뢰
847,지연
848,교육
849,티밍안하
850,여포
851,수업
852,슈퍼셀
853,빨핑
854,카운터
855,시부랄
856,종말
857,방이
858,빡처
859,아들
860,방안
861,리좀
862,멋대로
863,패키지
864,천차만별
865,나름
866,시부럴
867,체험
868,민트
869,부레
870,때무
871,악황
872,점심시간
873,핸드폰
874,아이디
875,체력
876,타고
877,자본주의
878,상실
879,개망겜임
880,더기
881,넘사벽
882,튕겨계속튕
883,차안
884,리뉴얼
885,쌍놈
886,노답
887,반년
888,뿐더러
889,싸움
890,적용
891,메일
892,팀운겜
893,승률
894,대의
895,거도
896,필터
897,몇개
898,양임
899,티밍좀
900,배치도
901,칭찬
902,정도껏해
903,테이크
904,꿈쩍
905,해당
906,아두
907,인뎀
908,놨네
909,쫌없
910,노오
911,점심
912,러마
913,쉬벌
914,브롤러창
915,변신
916,한참
917,점주
918,것땜
919,황소
920,가약
921,취지
922,연승
923,우스
924,왜만듬
925,빵빵
926,화면
927,난구
928,이티
929,사운드
930,가시
931,브롬
932,누나
933,새꺄
934,선뜻
935,가치나
936,망인
937,한순간
938,좋겠슴
939,백안
940,밸붕임
941,컨트롤
942,돼요젬
943,산더미
944,브라
945,일반
946,초록
947,개인
948,고려
949,각재
950,경우
951,가지
952,관전
953,토사
954,사리
955,초록색
956,어쩌
957,트롤픽
958,가득
959,의미
960,시진
961,싯팔
962,빌런
963,요리
964,아베
965,학년
966,임진
967,어쨌든
968,밥말
969,천사
970,배짱
971,돈벌
972,폭팔
973,야마
974,쌥니
975,민폐
976,이제껏
977,망작
978,글로벌
979,고렙되
980,발란스
981,신입
982,사실
983,솔쇼
984,유도인
985,찰나
986,사태
987,몇번
988,로그인
989,듭니
990,안테나
991,좃같아
992,편이
993,단계
994,운빨망겜운빨망겜
995,쇼디운
996,삭재
997,이롷
998,강도
999,즐겜
1000,전하
1001,에러
1002,해욥
1003,에아
1004,수퍼
1005,라돈
1006,환불
1007,벨붕벨붕
1008,렉렉좀
1009,쌓이네
1010,검색
1011,장애우
1012,보더
1013,얻지
1014,파도
1015,하여튼
1016,제제
1017,독수리
1018,봇둘
1019,여서
1020,가면
1021,최소
1022,신입사원
1023,개쌔끼
1024,내생
1025,간다
1026,뒤통수
1027,망김
1028,토끼
1029,삿는데왜브
1030,뗏다
1031,빠에야
1032,해바
1033,줄때
1034,새벽
1035,아시아
1036,장소
1037,수용
1038,적임
1039,나박
1040,내야
1041,조권
1042,접근
1043,스킨
1044,하버
1045,악의
1046,딜말
1047,지옥
1048,보이
1049,금도
1050,발년
1051,방해
1052,움직임
1053,루하
1054,거참
1055,활성화
1056,이재
1057,발것
1058,성격
1059,메칭
1060,팀원
1061,정상
1062,크레이지
1063,호흡기
1064,사람인
1065,응답
1066,아이패드미니
1067,선언
1068,함렉
1069,니미
1070,정성
1071,렉색
1072,아세안
1073,자랑
1074,린지
1075,김정은
1076,망겜티밍
1077,이계정
1078,업로드
1079,불법
1080,해킹
1081,네트워크
1082,메카
1083,지적
1084,대규모
1085,라이브
1086,엡돈더
1087,말일
1088,조센징
1089,모니터링
1090,팅거
1091,이언
1092,챔프
1093,지네
1094,브롤
1095,에이지
1096,인복
1097,로메
1098,어매어배
1099,장사
1100,지식
1101,일시
1102,팀운
1103,폭발
1104,벨런스
1105,클랜
1106,번지
1107,할로윈
1108,티밍한다
1109,튕기
1110,시오
1111,롤러
1112,우진
1113,유딩애들
1114,보그
1115,그날
1116,구축
1117,절리
1118,가리안
1119,버럴
1120,작년
1121,마더
1122,부시
1123,말겜
1124,계정
1125,태그
1126,재산
1127,굴리
1128,친구
1129,잡음
1130,렉왜캐
1131,고우리
1132,이공
1133,임실
1134,로딩
1135,이모티콘
1136,도움
1137,게리
1138,돈돈
1139,마란
1140,모가지
1141,질라
1142,구몬
1143,보아
1144,연달
1145,파좀
1146,드랍율좀
1147,롤백
1148,프리
1149,런스
1150,대한
1151,고양이
1152,기억
1153,수비
1154,대릴
1155,레파뜨
1156,티밍짤
1157,막상
1158,있슈
1159,점도
1160,샷건
1161,강화만
1162,겜좀
1163,신지
1164,요망
1165,우씨
1166,기입
1167,모하
1168,로비
1169,위원회
1170,자년
1171,라야
1172,개쉬움
1173,됫는대
1174,짱깨
1175,월동
1176,대로
1177,졸잼
1178,바꼇
1179,준비
1180,오개
1181,전적
1182,좆망
1183,채널
1184,트래픽
1185,잡년
1186,노잼
1187,운빨
1188,돈값
1189,맊히는데
1190,불로
1191,짓거리
1192,초보자
1193,전혀
1194,스웨덴
1195,아유
1196,아씨
1197,자도
1198,맛탱
1199,킬뎃
1200,단체
1201,우투
1202,로사
1203,영영
1204,세대
1205,버벅
1206,아뇨
1207,안정
1208,숲셀
1209,딜만해
1210,아기
1211,마삼
1212,렙높음
1213,거실
1214,템포
1215,마크
1216,최겜
1217,글렀구
1218,새끼
1219,신형
1220,쇼타
1221,밍러
1222,어그
1223,마케팅
1224,개사
1225,탐구
1226,환수
1227,흑우
1228,파이널
1229,극소
1230,노무
1231,대형
1232,성질
1233,년층
1234,요새
1235,자리
1236,현재
1237,해봣는데
1238,최대
1239,얼른
1240,겔럭시
1241,업뎃후
1242,예기
1243,극혐임
1244,개애바
1245,데리
1246,융신
1247,설리
1248,버벅개기
1249,자레드
1250,박아
1251,경찰서
1252,업데이트
1253,아군
1254,유아
1255,인터넷
1256,하루하루
1257,왜구
1258,셈티밍
1259,간추림
1260,조치
1261,만듭시
1262,시절
1263,게음
1264,된거
1265,차암
1266,점곰
1267,관물
1268,업뎃
1269,낫다
1270,사칭
1271,다짐
1272,프로야
1273,가맛음
1274,박근혜
1275,절로
1276,레이저
1277,갈수록
1278,램던
1279,좃망
1280,간만
1281,에뮬
1282,힘둘
1283,직장
1284,엿같아
1285,현상
1286,발진
1287,소진
1288,즞망겜
1289,블롤
1290,창원
1291,렉렉렉
1292,팝업창
1293,체통
1294,망겜임
1295,티밍땜
1296,여거
1297,그래프
1298,싱태
1299,안달
1300,먹이
1301,망겜팀운
1302,족속
1303,이마
1304,잔렉
1305,무쉐키
1306,고오
1307,걸제
1308,색끼
1309,신경
1310,진수
1311,승인
1312,주위
1313,셰속
1314,폰임
1315,메칭할때
1316,증상
1317,속도
1318,재접
1319,끼니
1320,오니
1321,리까
1322,조작
1323,팔고
1324,이밴트
1325,처럼
1326,여름
1327,엿먹어
1328,개도
1329,방치
1330,불가
1331,재발
1332,이아
1333,할빠
1334,산골
1335,순간이동
1336,답답
1337,치유
1338,이동속도
1339,쉘리개쌘
1340,기부
1341,박자
1342,항상
1343,구별
1344,딥빡
1345,이씨
1346,쩌란건데
1347,불참
1348,뿌셔
1349,트롤러
1350,왭안
1351,발놈
1352,성의껏
1353,판국
1354,여제
1355,제작
1356,레파
1357,페이
1358,보안관
1359,나겜
1360,또왜
1361,대회
1362,보유
1363,해주
1364,슈퍼스타즈
1365,인분
1366,이용
1367,승부
1368,썅놈
1369,오른
1370,젼나
1371,반정
1372,해제
1373,가업
1374,연습
1375,팀내
1376,자료
1377,어미
1378,안키
1379,새퀴
1380,절대
1381,상호작용
1382,혈안
1383,한창
1384,우대
1385,요원
1386,피드백
1387,적대
1388,짱꼴라
1389,건데
1390,한적
1391,허구
1392,똥겜
1393,장애인
1394,컴팩
1395,퇴길
1396,게살
1397,잭슨
1398,사양
1399,백인
1400,삿어
1401,씨발
1402,금지
1403,말등
1404,납득
1405,좆똥망겜
1406,밖애
1407,배틀
1408,형사
1409,미가
1410,터오
1411,초망겜
1412,서요
1413,금액
1414,다나
1415,이란
1416,문구
1417,선택
1418,샠기
1419,어쩜
1420,유투브
1421,로그아웃
1422,이만
1423,년도
1424,성공
1425,만렙
1426,암만
1427,게속
1428,일초
1429,좀렉
1430,젭알
1431,롤스터
1432,아인
1433,학도
1434,풀피
1435,망알
1436,퍼즐
1437,라이언
1438,팀밸론스
1439,랭크
1440,사이
1441,가기
1442,유입
1443,전략
1444,비밀번호
1445,대응
1446,애득
1447,껀데
1448,두발
1449,상황
1450,장난
1451,가선
1452,팀잴런스
1453,에드
1454,답장
1455,차서
1456,티밍합니
1457,페이스북
1458,양보
1459,캡쳐
1460,쯩남
1461,항복
1462,소린
1463,서막
1464,지름길
1465,이메일
1466,위주
1467,최소한
1468,팝업
1469,보고
1470,똥망
1471,탈출
1472,지도
1473,문제점
1474,패배
1475,일보
1476,캐리
1477,설제
1478,처형
1479,엇습
1480,나소
1481,저절로
1482,하벨런스
1483,쉐끼덜
1484,이점
1485,면제
1486,듯함
1487,단위
1488,바이킹
1489,악덕
1490,만사천
1491,벽관텅
1492,스파
1493,헌신
1494,영정
1495,등신
1496,널렸는데
1497,최초
1498,렉점
1499,엄빠
1500,쌘건
1501,다른사람
1502,인간
1503,고딩
1504,좀비
1505,희망
1506,오버
1507,상성따윈없
1508,네이버
1509,다짜고짜
1510,못함
1511,척함
1512,개섹끼들
1513,밸패
1514,딩게임
1515,성향
1516,초반
1517,어머니
1518,나외
1519,이아주
1520,프로필
1521,기고
1522,고도
1523,거뭐
1524,려고
1525,기면
1526,극복
1527,떨궈뿟
1528,개빡
1529,구경
1530,비크
1531,해소
1532,민준
1533,이질
1534,저런
1535,거래
1536,취향
1537,게장
1538,달린다
1539,간의
1540,요하
1541,보기
1542,개망겜랜큐
1543,때질뒤
1544,하벨
1545,어제
1546,차고
1547,식충세
1548,자로
1549,퀘스트
1550,복귀
1551,업뎃업뎃
1552,런가
1553,나가요
1554,박민기
1555,지체
1556,시작
1557,설낮
1558,결단
1559,의심
1560,스타트
1561,팀겜
1562,시대
1563,걸짝
1564,샛기들
1565,인공
1566,유령
1567,개시
1568,럭비
1569,평타
1570,대갈빡
1571,보겸펑
1572,터너
1573,티밍하
1574,크래쉬
1575,뽑기
1576,도아
1577,리코
1578,좃망겜좃망겜
1579,첨부
1580,자살
1581,처리
1582,티밍빨리
1583,방구
1584,개리
1585,알바
1586,이소진
1587,루비
1588,콜트
1589,자본
1590,먹통
1591,조지
1592,나노
1593,캐릭터
1594,여개
1595,치안
1596,러렵
1597,발련때문
1598,애기
1599,갯수
1600,쿨타임
1601,분실
1602,제시
1603,줏대
1604,부숴
1605,멕여야됨
1606,라이온
1607,돤다
1608,삼성
1609,가안
1610,초등학교
1611,졷망
1612,곳도
1613,발전
1614,능데
1615,랭크별
1616,개꿀
1617,게임상
1618,심각
1619,번더
1620,망겜운빨
1621,찬양
1622,세명
1623,구성원
1624,폭망
1625,잔액
1626,해장
1627,벌레
1628,다감
1629,잡고
1630,일주일
1631,도안
1632,저녁
1633,마셈
1634,핵망겜
1635,탄식
1636,의사소통
1637,내부
1638,엿같음그
1639,작품
1640,모션
1641,드셧
1642,실화
1643,조카
1644,휴면
1645,이제
1646,허위
1647,겜임
1648,부족함
1649,스샷
1650,동의
1651,요전
1652,하떻
1653,즐겐
1654,못만듬
1655,악용
1656,부랄
1657,가격
1658,학생
1659,스타
1660,윤태호
1661,메가박스
1662,먼저
1663,마자
1664,오류
1665,기뢰
1666,겜쇼
1667,이줮밥
1668,마이클
1669,제외
1670,필살
1671,한지
1672,투명
1673,화가
1674,울트라
1675,떡락
1676,망롤
1677,그게
1678,최하
1679,테스트
1680,훈련
1681,젬그랩
1682,의문
1683,붕신들
1684,계산
1685,왓다
1686,팀픽
1687,스릴
1688,튕김아
1689,말좀
1690,지지
1691,금은
1692,아이디어
1693,평점
1694,론스타
1695,어마
1696,개년
1697,신컨
1698,꼴찌
1699,시지
1700,고치
1701,가나다
1702,겁사
1703,목질
1704,팀운망겜
1705,중국어
1706,아빠
1707,발가락
1708,솔로
1709,손절
1710,그레
1711,완전
1712,핸디캡
1713,드릴
1714,난후
1715,김민준
1716,티밍망겜
1717,붕괴됫
1718,김현
1719,젔습
1720,책임
1721,병시
1722,게에에에엠
1723,프로그램
1724,바움
1725,근딜
1726,배칭
1727,초등
1728,잣망겜
1729,탱탱
1730,프로
1731,지역
1732,패널
1733,븅신
1734,주제
1735,토큰
1736,심화
1737,엎던
1738,개열
1739,페널티
1740,만가
1741,밸붕
1742,발럳
1743,배신
1744,갤럭시
1745,트럴
1746,엑스
1747,커뮤니케이션
1748,아마추어
1749,양각
1750,풀임
1751,썅것
1752,사례
1753,파가
1754,로봇
1755,끝내
1756,리보프
1757,개입
1758,실제
1759,믿음
1760,멘붕
1761,센스
1762,파로
1763,팀쪽
1764,문자
1765,장거리
1766,파땜
1767,쥬다삽
1768,수치
1769,오락
1770,코세
1771,진짜
1772,일어
1773,럴것
1774,서하
1775,운빨겜임
1776,대머리
1777,양학러
1778,이나
1779,조합
1780,고요
1781,색스
1782,전원
1783,난리
1784,재일
1785,오오
1786,미도
1787,사전
1788,말입
1789,리플레이
1790,땡전
1791,티밍신
1792,치타
1793,카트라이더
1794,시스
1795,픽창때매
1796,동일
1797,랙랙
1798,각수
1799,지라
1800,압박
1801,합치
1802,트롤링
1803,큐브
1804,계정연
1805,현실
1806,모든
1807,가람
1808,곶좀
1809,방범
1810,질럿는데
1811,레벨
1812,안움
1813,대가
1814,노정
1815,기니
1816,대체
1817,전형
1818,풍년
1819,인지도
1820,안개
1821,임시
1822,열중
1823,발표
1824,좀더
1825,광산
1826,똑띠
1827,애플
1828,신고
1829,힘드렁
1830,음악
1831,헤리
1832,즉사
1833,랙망겜
1834,야니
1835,지원
1836,리니지
1837,버프해
1838,젬그렙
1839,은근
1840,기본
1841,찌끄레기
1842,놰노새
1843,개삿는데
1844,불리
1845,사진
1846,좀벨런스
1847,개똥망
1848,충년
1849,비디오
1850,좆가틍
1851,필요
1852,돌아이
1853,위로
1854,티밍막
1855,겜마
1856,답주
1857,이야기
1858,것좀
1859,취하
1860,지불
1861,고자
1862,월급
1863,만드나
1864,취소
1865,쩐다
1866,전용
1867,실행
1868,상단
1869,저가
1870,별수
1871,캐쉬
1872,말리
1873,관련
1874,매가
1875,본격
1876,병싄
1877,왜해
1878,상대편
1879,불량
1880,핵좀
1881,만드든
1882,가능
1883,개잼
1884,카드
1885,모임
1886,팅팅
1887,이내
1888,빡처저
1889,맥스
1890,버그
1891,행위
1892,예측샷
1893,부계
1894,잦은랙
1895,대다수
1896,논겨
1897,프롤
1898,누군가
1899,약관
1900,의적
1901,워치
1902,자제
1903,제대로
1904,당하
1905,버퍼
1906,김치
1907,개똥망겜
1908,트러피올릭
1909,설정
1910,안주시
1911,보호
1912,뭣같이만들엇네
1913,루유루읓
1914,어쩌란거
1915,팔방
1916,기도
1917,갈색
1918,좃닽
1919,쪽바리
1920,가상
1921,자책골
1922,렙빨
1923,티밍때문
1924,등급
1925,리모
1926,유리
1927,가방
1928,마디
1929,기발
1930,시진핑
1931,듀오
1932,마음
1933,고민
1934,졷같애
1935,최악
1936,움직
1937,어뷰징
1938,고인
1939,데이터
1940,다이아
1941,대기업
1942,회원
1943,반복
1944,도전
1945,자삵
1946,싸구려
1947,출석
1948,겜운빨
1949,이동
1950,염탐
1951,빈도
1952,라운지
1953,망겜팀
1954,초창
1955,주안
1956,티밍앞
1957,쏠때
1958,배달
1959,올해
1960,좇이
1961,다가
1962,고통
1963,묘사
1964,뭐임껏
1965,날로
1966,파이
1967,평소
1968,텐센트
1969,안녕하십니까
1970,빡종임
1971,자식새끼
1972,비겁한놈
1973,용용
1974,보몀
1975,시드라
1976,티밍질
1977,참고
1978,절때
1979,제재
1980,애바임
1981,퍼음
1982,양심
1983,로함
1984,트러
1985,하진
1986,아이템
1987,후겜
1988,전화
1989,발리
1990,대패
1991,입장
1992,건의
1993,식이
1994,세번
1995,해메
1996,게짔
1997,근거리
1998,진나
1999,트로피
2000,사려
2001,소리
2002,유제
2003,로주
2004,아민
2005,안고
2006,대고
2007,하향
2008,맟추
2009,의뢰
2010,개쒜이들
2011,백프로
2012,근대
2013,좃같
2014,미췬
2015,렵다
2016,업도
2017,프레임
2018,년둘
2019,음핵
2020,이글
2021,렉랙
2022,자책
2023,걸렷
2024,학업
2025,계장
2026,여러가지
2027,맵좀
2028,본캐
2029,프랭크
2030,러트
2031,안부
2032,변경
2033,교전
2034,이심
2035,댓글알바
2036,련듳
2037,뿌슝빠슝뿌슝
2038,타임
2039,선빵
2040,가가
2041,신케
2042,궁좀
2043,초보
2044,서울
2045,하트
2046,설날
2047,고모
2048,스부롤
2049,센터
2050,앨프
2051,악플러
2052,인지
2053,공이
2054,녀석
2055,이니미
2056,채김
2057,구림
2058,메이킹
2059,이상태
2060,클린
2061,페치
2062,바이퍼
2063,볼충
2064,쉬는시간
2065,개섹꺄
2066,갑자기
2067,로직
2068,졋갓은것
2069,존나
2070,어치
2071,씨방
2072,중요
2073,실망
2074,발아
2075,창렬
2076,기질
2077,남아
2078,응젖망겜
2079,레온
2080,아영
2081,랭커되려
2082,밥말아드심
2083,플리
2084,빠저있네
2085,등수
2086,조언
2087,출퇴근시간
2088,마이크
2089,병신년
2090,개선
2091,이름
2092,서브
2093,우위
2094,간나
2095,개암
2096,차이점
2097,퉤아
2098,폭력
2099,짤린년
2100,옵션
2101,거때메
2102,레터
2103,십장생
2104,달마
2105,인정
2106,소통
2107,아바
2108,중단
2109,사람과
2110,제트
2111,대기
2112,이군
2113,자신감
2114,창조경제
2115,틱장애
2116,렉쫌
2117,존잼갓겜
2118,개패
2119,물몸
2120,어쩌란
2121,레알
2122,지속
2123,위반
2124,핑기능
2125,아난
2126,돈슨
2127,로그
2128,매치
2129,불균형
2130,줮같
2131,별개
2132,뉴스피드
2133,이드
2134,특징
2135,공지
2136,경쟁
2137,예의
2138,읍니
2139,팀플
2140,진짜진짜
2141,컴퓨터
2142,방송
2143,자채
2144,한텐
2145,정신건강
2146,도중
2147,배치
2148,얘기
2149,선물
2150,어매
2151,천상계
2152,데브
2153,주소
2154,브룰
2155,쯧쯧
2156,할인
2157,어뷰징하
2158,똑바로
2159,희귀
2160,망겜폐
2161,형님
2162,염병
2163,핸드
2164,기리
2165,걸레
2166,맟춰
2167,기네
2168,신규케
2169,배기
2170,다해
2171,빡돌겠
2172,늘걸
2173,플레이
2174,불협화음
2175,셈존버
2176,광고
2177,허용
2178,이안
2179,템빨
2180,닉넴
2181,티밍있
2182,사람
2183,벨붕겜
2184,죤나
2185,레이서
2186,구거
2187,라이엇
2188,나이트
2189,버섯
2190,서거
2191,업뎃햇더
2192,렙이랄
2193,합일
2194,참내
2195,이상인
2196,왜안
2197,위패
2198,최선
2199,가끔
2200,이틀
2201,손해
2202,발가릭
2203,별하나
2204,개떡
2205,건가
2206,증세
2207,실수
2208,위치
2209,빅브
2210,공짜
2211,테크
2212,여요
2213,섹스
2214,이진상
2215,점줌
2216,변질
2217,번호
2218,튕깁니
2219,승패
2220,겜내
2221,겜망핡각
2222,열기
2223,놈년
2224,발도
2225,평준화
2226,만하
2227,크기
2228,어우
2229,아우
2230,구경만
2231,강원도
2232,다이나마이트
2233,삭감
2234,수신
2235,겜왜
2236,슈퍼쇌
2237,전도
2238,예랑
2239,쥐줮같
2240,밸런싱
2241,일정
2242,개핵똥
2243,편성
2244,벌써
2245,냥그
2246,섭렉
2247,글단
2248,무늬
2249,오드
2250,인대
2251,악플
2252,파이저
2253,운삭좀
2254,하란
2255,즐겜러들많
2256,수고
2257,키다
2258,정도
2259,체크카드
2260,투척
2261,통신
2262,스트리밍
2263,팀벨런스
2264,나중
2265,혐쇼
2266,여태
2267,제목
2268,스트리머
2269,렙업
2270,기기
2271,구조
2272,본인
2273,수십
2274,시전
2275,빠구치
2276,철회
2277,주먹
2278,무르기전
2279,김민지
2280,성도
2281,진입
2282,야광
2283,개똥겜
2284,제어
2285,슈해
2286,오류로
2287,랭크전좀
2288,수도권
2289,팀체팅이돼
2290,매일
2291,알리
2292,눌려
2293,을해
2294,지랄
2295,끈키
2296,트롤
2297,친선
2298,시름
2299,영상
2300,설주
2301,한정판
2302,좇갔
2303,렉너
2304,별도
2305,증설
2306,드가
2307,다지
2308,깓기건
2309,꼬츄
2310,예전
2311,거짓말
2312,빨강
2313,업뎃좀
2314,목겟
2315,중국사람
2316,애정도
2317,슈퍼쉘
2318,다찻는데
2319,행동
2320,빗슷하
2321,운하
2322,어도
2323,셀룰러
2324,분노조절
2325,매각
2326,정준혁
2327,틱을쓰
2328,기인
2329,고이
2330,코앞
2331,개연
2332,개쩌내
2333,빢침
2334,작성
2335,서기
2336,로보
2337,프로메테우스
2338,문제
2339,튕긴
2340,기분
2341,벨런스좀
2342,빅브롤러
2343,소문
2344,어로
2345,씨잼
2346,발티
2347,사면
2348,로치
2349,장점
2350,발새
2351,마금느
2352,판도
2353,미련
2354,핑때문
2355,순개
2356,거북이
2357,리치
2358,팀운빨겜
2359,업뎃아
2360,처치
2361,판다
2362,파이어
2363,매우
2364,대치
2365,빅게임
2366,토로
2367,삭재점
2368,서서
2369,구라
2370,좀궁
2371,정조
2372,시파
2373,티밍은
2374,성의
2375,마는
2376,라서
2377,절실
2378,고정
2379,끝물
2380,유도
2381,도감
2382,게이머
2383,절반
2384,폭격
2385,정상인
2386,충고
2387,확신
2388,망겜
2389,엉망
2390,다운로드
2391,무적
2392,주년
2393,거란
2394,이상없다
2395,안통함
2396,일쑤
2397,앖네
2398,수작
2399,렀습
2400,구대
2401,츅구
2402,속셈
2403,아웃로
2404,만드셧는
2405,대략
2406,마이너스
2407,님들
2408,야구
2409,재부팅
2410,살수
2411,지면
2412,이병헌
2413,상식
2414,안해
2415,나안
2416,사기
2417,회사
2418,모루
2419,음성
2420,아가리
2421,최신
2422,라지
2423,팀겜임
2424,점렉
2425,정해진
2426,보이지
2427,도대체
2428,기계
2429,귾겨
2430,버랙
2431,풀이
2432,데미지
2433,랭커들
2434,끈김
2435,삭제
2436,손볼
2437,미애
2438,명작
2439,생활
2440,애플스토어
2441,핀란드
2442,늠들
2443,랙쩜
2444,외국
2445,시베리아
2446,로우
2447,엇냐
2448,궁극
2449,하열
2450,변화
2451,그러드
2452,하나로
2453,멀티터치
2454,무과금러
2455,이전
2456,명시
2457,발라
2458,거좀
2459,심해진
2460,플레이도
2461,표본
2462,않그레
2463,대만
2464,피통
2465,고의
2466,로남불
2467,튜토리얼
2468,친놈
2469,은신
2470,물렙
2471,간혹
2472,이상자
2473,망청
2474,요구
2475,명도
2476,분위기
2477,특이
2478,먀칭
2479,구개
2480,무지
2481,확률
2482,실시간
2483,개간
2484,세계
2485,상당
2486,여타
2487,어린이
2488,지게
2489,적팀
2490,티좀
2491,거기
2492,안타
2493,케다
2494,최근
2495,스타일
2496,섭종해
2497,무과
2498,데문
2499,정렉좀
2500,놀이
2501,구만
2502,천원
2503,븅신들
2504,제압
2505,표창
2506,고객
2507,장창
2508,게이지
2509,셧으
2510,후대
2511,업뎃시켜
2512,시나
2513,음벨런스
2514,분리
2515,일부러
2516,더니
2517,연소
2518,일전
2519,검정색
2520,기만
2521,부재
2522,거르
2523,발생
2524,앱내
2525,아피
2526,불알
2527,마녀
2528,인생게임
2529,생기
2530,소용
2531,련들
2532,오브
2533,기록
2534,분전
2535,매희
2536,초원
2537,저격
2538,세고
2539,실용
2540,안귀
2541,제작자
2542,가팅
2543,애비
2544,마겜
2545,쯥쯥
2546,다대
2547,베타
2548,배타
2549,한번
2550,에너지
2551,유발
2552,근처
2553,팀망겜
2554,현저
2555,턴씩
2556,에이
2557,남아도
2558,버벅거리
2559,고작
2560,시브레
2561,잼민
2562,심해
2563,대해
2564,슈페셀
2565,이상아
2566,망겜팀빨겜
2567,라운드
2568,볼맵
2569,동물
2570,이보
2571,쉘리만씀
2572,이오
2573,텡커들
2574,고아
2575,넙으
2576,압니
2577,시발롬
2578,서하면
2579,박살
2580,떳는데
2581,거지
2582,샊들은티밍
2583,격차
2584,따옴표
2585,로켓
2586,핑퉈
2587,역효과
2588,셸손절
2589,교란
2590,셧음
2591,정해석
2592,앰흑일듯
2593,렉입
2594,벨런스좀벨런스
2595,이얼
2596,아랙
2597,갈림
2598,사장
2599,렌덤큔데
2600,조준
2601,시리즈
2602,목숨
2603,업좀
2604,몇몇
2605,그르
2606,임안
2607,인류
2608,초기
2609,다시
2610,로만
2611,여왜
2612,하라
2613,세꺗
2614,학교
2615,시스탬
2616,셸리
2617,나머지
2618,가망
2619,악질
2620,무조건
2621,본질
2622,헤딩
2623,조이패드
2624,오라
2625,엏떻케
2626,미스터
2627,정말
2628,대충
2629,소프트웨어
2630,빨렉땜
2631,학률좀
2632,상승
2633,인증
2634,렉좀처
2635,바람
2636,단점
2637,핫스팟
2638,용이
2639,동경
2640,배터리
2641,측정
2642,임관
2643,고하
2644,양산
2645,청좀
2646,안드로이드
2647,망겜망
2648,온라인게임
2649,일후
2650,구름
2651,강추겜
2652,티밍빨
2653,밴런스
2654,파티
2655,억지로
2656,개부
2657,조의
2658,환경
2659,여자
2660,팀전
2661,이초
2662,출가
2663,딜량표
2664,찍기
2665,엠즈
2666,끊킴
2667,후방
2668,상대로
2669,우리나라
2670,홈키
2671,태반
2672,무인도
2673,지기
2674,하니
2675,리지
2676,샛기
2677,영향
2678,세기
2679,무기
2680,알고리즘
2681,해커
2682,국물
2683,구성
2684,신자
2685,매칭
2686,비트
2687,다차
2688,무빙
2689,철수
2690,고수
2691,어요
2692,에바
2693,기업
2694,개망
2695,안녕
2696,시야
2697,무제
2698,가트
2699,조이스틱
2700,라며
2701,탄창
2702,아예
2703,매도
2704,클로버
2705,순이
2706,로나
2707,렏렉
2708,콤파니
2709,관짝
2710,노무현
2711,히트
2712,눌럿는데
2713,팔라딘
2714,싸우지마
2715,제아
2716,서부
2717,망겜말
2718,팸주위
2719,보스
2720,개빡피
2721,티밍같은
2722,램덤큐램덤큐좀
2723,몰입
2724,망겜종망겜
2725,안사면
2726,무작위
2727,개무시
2728,사기꾼
2729,버스
2730,끈켜
2731,지형
2732,개긎
2733,다한
2734,땨움
2735,머임
2736,까막눈
2737,딜러
2738,번만
2739,질랄
2740,반성
2741,요즘
2742,검사
2743,전과
2744,게망겜
2745,개빡도
2746,직원
2747,마련
2748,패치
2749,스바
2750,워거즐
2751,도망
2752,벼락
2753,개새
2754,불통
2755,신분
2756,비율
2757,소환
2758,밸페좀아
2759,꿀잼
2760,차이나
2761,구매
2762,빽빽
2763,응대
2764,이연수
2765,게인
2766,건너
2767,브론
2768,년듷
2769,성인
2770,가장
2771,비교
2772,미래
2773,시킴
2774,별반
2775,농락
2776,거조
2777,붙혀놧더
2778,써버
2779,버근가
2780,기존
2781,뒷바라지
2782,상도
2783,골도
2784,단축
2785,후기
2786,지뢰
2787,어효
2788,본적
2789,죽겠네
2790,갸꿀
2791,파워
2792,제밌으
2793,치의
2794,노멀
2795,램덤
2796,안주
2797,승부조작
2798,정진
2799,리그
2800,순위
2801,댓글
2802,치명
2803,밸런
2804,번깨트렷네
2805,지리
2806,불충
2807,안틩기
2808,랙좀
2809,랭커
2810,게세끼
2811,뽀뽀
2812,즁신
2813,범자
2814,척친
2815,만듬
2816,파망
2817,현장
2818,만우절
2819,참여
2820,질좀
2821,개인정보
2822,표시
2823,결승
2824,한판
2825,준빈
2826,랄프
2827,암살자
2828,순식간
2829,우린
2830,챔피언스리그
2831,하차
2832,죽지
2833,본이름
2834,포기
2835,욕낭
2836,일부
2837,박스
2838,지문
2839,프로젝트
2840,수령
2841,브론즈
2842,메세지
2843,다도
2844,보라
2845,로미
2846,퍼셀
2847,달리기
2848,현기증
2849,구글
2850,햄스터
2851,추방
2852,느금셀
2853,땡큐
2854,는걸
2855,불나방
2856,자체
2857,어서
2858,업데
2859,불잉
2860,대미지
2861,이벤트
2862,떡락각아
2863,시켜랏
2864,주말
2865,투윈
2866,휴대폰
2867,치면
2868,직전
2869,지스타
2870,누르기
2871,방벽
2872,지미
2873,일분
2874,제기
2875,유튜브
2876,원중
2877,굳이
2878,메인
2879,새끼드
2880,축구
2881,경기
2882,무안
2883,로얄
2884,하제
2885,간놈
2886,볼트
2887,데티밍때매열
2888,물기
2889,기개
2890,밀리
2891,밍좃같은티밍
2892,아이거
2893,드네
2894,페니
2895,가현
2896,잡지
2897,건만
2898,아뒤
2899,이기
2900,파다
2901,바련들
2902,망햤
2903,점수
2904,컨셉
2905,경고
2906,해봣더
2907,됫습니
2908,처벌
2909,가량
2910,뭐임
2911,반개
2912,발안
2913,팸만렙
2914,조만간
2915,냄새
2916,개민
2917,게이
2918,규칙
2919,로블록스
2920,일상
2921,유지
2922,이발
2923,서로
2924,고스톱
2925,와이프
2926,유튜버들
2927,제도
2928,센티미터
2929,자칫
2930,정확
2931,리뷰
2932,하노
2933,개비
2934,피해자
2935,탑승
2936,신호
2937,쫄빡
2938,대서
2939,쉘리궁
2940,데이트
2941,구임
2942,주일
2943,더욱
2944,기전
2945,온면
2946,불행
2947,일본어
2948,실패
2949,버전
2950,금고
2951,시행
2952,조사해
2953,거때매
2954,작전
2955,대애
2956,고창
2957,잣댐
2958,매너
2959,설계
2960,툭하면
2961,자아
2962,버새
2963,가요
2964,그다지
2965,꼴등함
2966,무모
2967,섭종
2968,부분
2969,조작상
2970,튕김업뎃
2971,날짜
2972,클로도
2973,그대로
2974,리안
2975,와이파이
2976,고여
2977,튕기더
2978,거만
2979,초등학생
2980,달성
2981,미리
2982,기세
2983,구나
2984,못해
2985,펀데
2986,엄마
2987,드릅
2988,기적
2989,보가
2990,그룹
2991,망겜망겜
2992,자동
2993,걔네
2994,팀워크
2995,이노
2996,이자
2997,팀빨겜
2998,보존
2999,사거리
3000,보짓물
3001,자주
3002,서바이벌
3003,가해
3004,불공평
3005,우려
3006,엘비스
3007,임블롤
3008,신종
3009,데이
3010,리즈
3011,슈팅게임
3012,밍티밍
3013,지고
3014,매핑
3015,나유
3016,조장
3017,다솔
3018,바라지
3019,조절
3020,전설
3021,기대
3022,레등
3023,일등
3024,중국인
3025,늬들
3026,바롤
3027,레드
3028,누가
3029,얼굴
3030,한국인
3031,노가다
3032,너넨
3033,과제
3034,겹치
3035,사은
3036,꼬박꼬박
3037,달기
3038,와중
3039,진척
3040,지언
3041,드람
3042,슈팅
3043,멈차뿌노
3044,변심
3045,게임
3046,생용
3047,히오스
3048,줄어듬
3049,피고
3050,도로
3051,기획
3052,소비자
3053,용도
3054,들개
3055,애가
3056,안튕기려
3057,랙아
3058,재시
3059,랭큰데
3060,궁합
3061,스스로
3062,레슬링
3063,애러
3064,그래픽
3065,똥구멍
3066,언어
3067,됌업뎃
3068,이듭
3069,제안
3070,대부분
3071,에혀
3072,상이
3073,부탁
3074,지경
3075,모델링
3076,바꿧다
3077,고량
3078,연패
3079,종이
3080,렉티밍
3081,모륵겠
3082,보시
3083,터키
3084,웃기
3085,코로나
3086,영자
3087,라티
3088,장전
3089,중인
3090,공식
3091,소위
3092,초후
3093,무덤
3094,압뎃
3095,지럴
3096,제자리
3097,백퍼
3098,어쩌잖거
3099,뜸아닠
3100,한쪽
3101,스터어님
3102,유혹
3103,롤좀
3104,할하
3105,옘병
3106,안정화
3107,슈퍼
3108,미숙
3109,체감
3110,청정
3111,점브
3112,세낏
3113,고해
3114,시도
3115,라그
3116,발신
3117,어카
3118,팀운팀
3119,탙퇴
3120,거마
3121,불가능
3122,수집
3123,만드삼
3124,보상
3125,쩌구
3126,노동
3127,별표
3128,대도
3129,례주세요올려줏세
3130,상어
3131,유도로
3132,기술
3133,이어폰
3134,방지
3135,티밍예이
3136,뻘리
3137,스레기
3138,어텍키
3139,마법사
3140,닝기미
3141,지해
3142,관람
3143,운빨겜
3144,좀왜
3145,폭탄
3146,캑릭터
3147,우동
3148,화남
3149,조이
3150,시바
3151,중장
3152,금계속
3153,나가야
3154,위해
3155,수로
3156,만난
3157,불과
3158,시스템
3159,학원
3160,작동
3161,백만
3162,대거
3163,엠뒤진겜
3164,리해
3165,보임
3166,런치
3167,해결
3168,이동키
3169,구래
3170,자고
3171,원래
3172,상위
3173,이팩트
3174,드랍
3175,호갱
3176,세끼
3177,권유
3178,헤라
3179,라가
3180,존버충
3181,퍼어
3182,쓰시
3183,샠기들
3184,보겸
3185,리찬
3186,아내
3187,전멸
3188,시벌
3189,이성
3190,진행중
3191,중이
3192,에미
3193,고등학생
3194,스턴
3195,관리자
3196,구해
3197,갑작
3198,튕기냐
3199,영업
3200,분류
3201,덩어리
3202,어림
3203,라라
3204,기껏
3205,인팀
3206,캐시
3207,붕괴
3208,겜만드면
3209,공정거래법
3210,기사
3211,진자
3212,튕기나
3213,엠어
3214,재제
3215,존맛
3216,그레이드
3217,끝킴
3218,퍼센트
3219,가나
3220,웰컴
3221,덕지덕지
3222,월요일
3223,무더기
3224,의욕
3225,티켓
3226,만해
3227,처음
3228,최상
3229,발언
3230,겜돈
3231,봉방것
3232,기준
3233,코인
3234,예정
3235,커녕
3236,반대
3237,티빙
3238,엔진
3239,적진
3240,확정
3241,거듭
3242,마소
3243,제멋대로
3244,순간
3245,개걸
3246,최고
3247,씨바
3248,도적
3249,새꺄아
3250,뉴비
3251,점프
3252,역시
3253,대대
3254,경험치
3255,하드웨어
3256,기요
3257,면역
3258,생태계
3259,밸런드
3260,기차
3261,위트
3262,종합
3263,설탕
3264,성능
3265,존재
3266,여상
3267,쓰레기통
3268,경험
3269,급식
3270,쓰레기
3271,축지법
3272,판단
3273,똥꼬
3274,뭐함
3275,유치
3276,마블
3277,보삼
3278,망함티밍
3279,넥슨
3280,가운데
3281,안돤
3282,호안
3283,적의
3284,짱개
3285,주심
3286,중간
3287,미지
3288,진흙탕
3289,이남
3290,함안
3291,럼블
3292,키안
3293,됫는데
3294,시일
3295,플레이어
3296,떡락이겨
3297,개빙
3298,저리
3299,단일
3300,픽들
3301,지서버
3302,버튼
3303,챔피언
3304,카톡
3305,답글
3306,틱톡
3307,래야
3308,친척
3309,렉렉
3310,망겜렉
3311,필독
3312,달리
3313,꼼수
3314,정기
3315,구로
3316,업글
3317,일본개
3318,오토봇
3319,근황
3320,화염병
3321,성심
3322,외교부
3323,종특
3324,만주
3325,조각
3326,상처
3327,개판
3328,까싰는데
3329,픈르
3330,민주화
3331,가치
3332,리셋
3333,티밍아
3334,괸리
3335,괴물
3336,도약
3337,밴드
3338,강제
3339,개정
3340,사랑
3341,닉네임
3342,망해런
3343,다모아
3344,휴장
3345,음료수
3346,미띴
3347,안감
3348,효과
3349,쐇는데
3350,방개
3351,나씨
3352,순삭
3353,방법
3354,제작사
3355,하래
3356,업그
3357,강조
3358,눌럿
3359,개자식
3360,잠수
3361,방컷
3362,침팬지
3363,타이틀
3364,대신
3365,랜덤
3366,마지막
3367,개토
3368,돼지
3369,정신병
3370,길가
3371,영웅
3372,버프좀
3373,일찍
3374,번인
3375,막량
3376,하레드
3377,똥왜
3378,창렬입니
3379,챔피언쉽
3380,반쪽
3381,채팅
3382,번창
3383,망겜패
3384,감독
3385,거머리
3386,하구언
3387,진아
3388,완료
3389,중후
3390,응답기
3391,티밍저
3392,빵구
3393,다합
3394,일본
3395,라사
3396,마냥
3397,티밍충
3398,대리
3399,세기말
3400,양쪽
3401,운영자
3402,지점
3403,울화통
3404,가운
3405,니요
3406,티밍방
3407,상품
3408,카페
3409,붕떴다
3410,극혐아
3411,레전드
3412,씹노댬
3413,후진
3414,골대
3415,가이거
3416,개좃같은놈즐
3417,자연
3418,무작정
3419,무한
3420,먹음
3421,출시
3422,안깍았으
3423,최적
3424,줮망겜입니
3425,발상
3426,셀발럼
3427,중반
3428,개중
3429,씨팔
3430,나하
3431,재미
3432,전작
3433,맣아
3434,오케
3435,길이
3436,무려
3437,젬좀
3438,숫자
3439,만남
3440,태러범
3441,작정
3442,브록좀
3443,업잔
3444,서스럼없
3445,캐임
3446,부족
3447,늑대
3448,감자
3449,이애
3450,임해
3451,심장
3452,눈디
3453,려드
3454,전염
3455,종료
3456,쪼다들
3457,중국
3458,타령
3459,일명
3460,청해
3461,고구마
3462,유성
3463,포경
3464,정신차려라
3465,렙차이
3466,일체
3467,뚜레기
3468,상징
3469,마장
3470,돈독
3471,지난번
3472,퐇로퍼
3473,임마
3474,스타즈
3475,지민
3476,일일
3477,표기
3478,스타퍼인트
3479,주시
3480,서나
3481,파괴
3482,맘램찍음
3483,이겾
3484,점줌스레기겜
3485,베이스
3486,빠리
3487,비례
3488,게말
3489,썻었는데
3490,공카
3491,로그인오류
3492,재키
3493,대처
3494,우울증
3495,처움
3496,개발
3497,망치
3498,다그
3499,가젯
3500,꺼봣다
3501,알음
3502,미국인
3503,레이
3504,스트래스
3505,지급
3506,쉘일
3507,방향키
3508,보관
3509,멘탈
3510,좃망겜
3511,딜안
3512,피해
3513,동이
3514,상항
3515,인제
3516,븅같
3517,폐지
3518,정지
3519,스프라우트
3520,스붕
3521,서울대
3522,무효
3523,맏혀줌
3524,고집
3525,여물
3526,복구
3527,샊기
3528,매체
3529,보석
3530,박탈
3531,대못
3532,판정
3533,이광
3534,계정은
3535,파밍
3536,서든
3537,소금
3538,개월
3539,개좆걑운
3540,최저
3541,만드
3542,방금
3543,렉데문
3544,스파이크
3545,대지
3546,안뜸
3547,스토어
3548,우연
3549,돌대가리
3550,어쩝
3551,이따
3552,구재
3553,관리
3554,롱런
3555,드랍율
3556,티밍티밍
3557,이어도
3558,인수
3559,엊그제
3560,스피커
3561,램덤큐
3562,악풀
3563,즌데
3564,폭망임
3565,개똥이
3566,끈겨
3567,긴지
3568,감소
3569,발업뎃
3570,욀케
3571,루팡
3572,태국인
3573,알림
3574,팩토리
3575,베스트
3576,승리
3577,쪼렙
3578,안처
3579,영구
3580,등록
3581,사라
3582,상점
3583,요안
3584,역사
3585,최적화
3586,초희
3587,여러
3588,뭐합
3589,이제일
3590,일본인
3591,구간
3592,렉좀렉
3593,기념
3594,연식
3595,썻는데
3596,항아리
3597,버랙써버랙써버랙
3598,다애
3599,엘티이
3600,은제
3601,임도
3602,겜봄
3603,제거
3604,포탑
3605,이상은
3606,판하
3607,동시
3608,남탓
3609,지인
3610,차증
3611,꽁무니
3612,꼬우
3613,망힐
3614,창고
3615,아이패드
3616,외국인
3617,듣기
3618,캐릭
3619,종일
3620,가입
3621,보강
3622,호구
3623,존잼겜제
3624,키도
3625,내내
3626,한판만
3627,이도
3628,전파
3629,무시
3630,보지
3631,분명
3632,선생님
3633,개별
3634,랜큐
3635,슈펄셀
3636,에두
3637,던데
3638,풀숲
3639,슬슬
3640,저번
3641,기지
3642,혜자
3643,내용
3644,세방
3645,실종
3646,폰겜
3647,천지
3648,차이
3649,젒을뻔
3650,강화
3651,박년
3652,아니쉘리
3653,프로그래밍
3654,면도
3655,난뒤
3656,사방
3657,해눟
3658,안썻다
3659,동사
3660,메모리
3661,초심
3662,전전
3663,벌금
3664,모래
3665,장시간
3666,은상
3667,모닝
3668,깟는데
3669,서버때뭄
3670,피트
3671,마칭시키
3672,라식
3673,슈페셀들
3674,우이
3675,벨런스아
3676,가로
3677,촣호허
3678,만세
3679,아침
3680,가세
3681,표현
3682,튕겨
3683,슢셀
3684,어지간
3685,비융신
3686,중복
3687,바가지
3688,베이
3689,모드
3690,마나
3691,지하철
3692,주옥
3693,시국
3694,모욕
3695,티밍때매
3696,엠즈시잘
3697,내일
3698,졷망겜졷같
3699,튕겼어
3700,에휴븅신들
3701,고서
3702,무언가
3703,술병
3704,땨문
3705,시련
3706,도저히
3707,원가
3708,업뎃하
3709,영어
3710,업뎃해
3711,지그
3712,해외
3713,다모
3714,아케이드
3715,밀고
3716,랭크업
3717,끈기
3718,병신
3719,정이
3720,난장판
3721,울분
3722,개임
3723,망겜돈
3724,플러스
3725,짬뽕
3726,랙걸리
3727,이해도
3728,만삼천
3729,만만
3730,트후
3731,점점
3732,상술
3733,졋습
3734,티밍문제
3735,분노
3736,골드
3737,보라색
3738,버프좀모티스
3739,팅구든
3740,발암
3741,열의
3742,점때매
3743,렉왜
3744,하와이
3745,렉땜
3746,넘젬있음
3747,존망
3748,안함
3749,잡것
3750,연속
3751,네임드
3752,명인
3753,시운
3754,달라
3755,안넘
3756,유성우
3757,리뉴얼함
3758,스면서티밍
3759,해놈
3760,구리
3761,자식
3762,돈좀
3763,왜티밍
3764,핑계
3765,상관
3766,낭비
3767,하드
3768,업댓
3769,메시지
3770,통로
3771,기미
3772,골든위크
3773,신들
3774,부모
3775,킬딸
3776,돈벌이
3777,엠디
3778,진행
3779,임은재
3780,랙오지
3781,목적
3782,접속
3783,게임둥
3784,벼점
3785,콘텐츠
3786,지장
3787,눌루
3788,효과음
3789,개렉
3790,그냥
3791,추가
3792,터치
3793,매팅되
3794,라우
3795,키드
3796,팀큐
3797,팀별
3798,인내
3799,이정
3800,용민
3801,개망똥겜
3802,할라카
3803,버러지
3804,포인트
3805,래드와파
3806,최대한
3807,서인
3808,도데
3809,하이파이
3810,십팔
3811,복불복
3812,진찌
3813,데로
3814,개념
3815,눈막
3816,진창
3817,거녀
3818,븅진쩨
3819,암살
3820,진심
3821,돈대
3822,판지
3823,거르는거
3824,확율
3825,존버
3826,밈니
3827,신규
3828,의팀
3829,루다
3830,그거
3831,조합졈클
3832,엿같음
3833,랜듀하
3834,커서
3835,기안
3836,행운
3837,블로그
3838,공부
3839,연령
3840,신청
3841,환산
3842,모함
3843,망헤버려
3844,음으로
3845,남요
3846,빨렉좀
3847,보이스
3848,도용
3849,헸습니
3850,라만
3851,징세
3852,누적
3853,메번
3854,통신사
3855,바라냐
3856,푸릴테
3857,기제
3858,고소
3859,진맵
3860,자살골
3861,가뜩이나
3862,음짓
3863,짫음
3864,코리아
3865,티밍도못
3866,인원
3867,뱅크
3868,오도
3869,가짐
3870,휴재
3871,한정
3872,마흐
3873,이용자
3874,거땜
3875,취해
3876,마스터카드
3877,옛말
3878,아작
3879,테이크다운
3880,개뭣
3881,만점
3882,슈페
3883,앱스토어
3884,게모
3885,눌렸
3886,튕겨가지
3887,버벅거립니
3888,주기도
3889,호러
3890,아해
3891,야야
3892,폭파
3893,공중
3894,조취좀
3895,임현
3896,개망작
3897,멍청이
3898,레스
3899,극혐
3900,뜅겨
3901,문의
3902,하나요
3903,스폰지
3904,노젬
3905,인기
3906,겜응
3907,끼새
3908,미니
3909,따름
3910,개심
3911,중국산
3912,구역
3913,똑디
3914,브린
3915,결론
3916,이중
3917,핸펀
3918,빠요
3919,해주시
3920,유비
3921,잼앖음
3922,정신
3923,몸빵
3924,대붕괴
3925,러드
3926,딜레이
3927,빌어먹을
3928,추가좀티밍
3929,맞이
3930,승해
3931,포트
3932,인큐
3933,겅쟁전
3934,구면
3935,모집
3936,농사
3937,배낌
3938,신케뜨
3939,과금
3940,저쩌구
3941,미개발
3942,어어
3943,특성
3944,한국
3945,어쩌자
3946,반찬
3947,본사
3948,한장
3949,보릴
3950,요약
3951,메이저
3952,분동
3953,반토막
3954,잡몹
3955,래드
3956,흐름
3957,갑툭튀
3958,정보
3959,바운티
3960,바보
3961,왜만듭
3962,미치겧음
3963,피파
3964,대박
3965,그램
3966,공통점
3967,총알
3968,우즈벡
3969,만원
3970,결정
3971,더균
3972,능력
3973,더독
3974,근접
3975,작작
3976,뻑하
3977,사림
3978,돌진
3979,채왜
3980,에고
3981,마동
3982,주변
3983,개미
3984,구번
3985,참석
3986,패스
3987,클라스
3988,딜로
3989,트론
3990,왼쪽
3991,티모
3992,개구리
3993,해명
3994,양해
3995,혈압
3996,렙빨돈셀
3997,기절
3998,며칠
3999,썅년
4000,퍼여
4001,탕감
4002,창색
4003,쓴소리
4004,쉘놈
4005,공유기
4006,해보셍
4007,분노의질주
4008,전이
4009,해사
4010,렉빨
4011,해먹
4012,모도
4013,운석
4014,텔포
4015,부쉬
4016,아이폰
4017,용량
4018,주기
4019,뭐해
4020,가도
4021,튕겨요제
4022,솔솔
4023,전투기
4024,티밍없애
4025,전임
4026,특공
4027,다임
4028,반영
4029,휴머니스트
4030,졸라
4031,이면
4032,개뿔
4033,유닛
4034,개깟으
4035,판튕겨
4036,내용물
4037,워드
4038,다썻
4039,계정렙
4040,해약
4041,조정
4042,결재
4043,초대
4044,징해
4045,고개
4046,짜장
4047,리필
4048,정작
4049,결제
4050,개오지
4051,해골
4052,구석
4053,씨띠
4054,형상
4055,당시
4056,겜하겟너
4057,입력
4058,말햇
4059,이후
4060,적지
4061,깨끼
4062,건강
4063,듭시
4064,장땡
4065,니애미
4066,성대결절
4067,개쌔끼아
4068,추천
4069,와이파이존
4070,카카오
4071,눌리
4072,만듭니
4073,거일
4074,관계자
4075,개꿀임
4076,퍼이숧왜
4077,업뎃되
4078,답변
4079,집중
4080,감사
4081,장애
4082,갸못해
4083,치가
4084,나라
4085,반도
4086,간편
4087,색상
4088,워낙
4089,구정
4090,크롤
4091,적도
4092,평일
4093,철도
4094,메이트
4095,개돼지
4096,똥퍼셸
4097,필살기
4098,순서
4099,개극혐
4100,거리
4101,븅신새꺄
4102,띠부
4103,노퉅
4104,임제
4105,하겟다
4106,유저
4107,안나
4108,프랑키
4109,리만
4110,골문
4111,방식
4112,갑자
4113,직불카드
4114,평가
4115,클레
4116,스트레쓰
4117,시급
4118,단가
4119,튕기네
4120,끼리끼리
4121,피하
4122,뼝찐께임벨붕겜
4123,리얼
4124,트러피
4125,중임
4126,이해
4127,벨런스벨런스좀
4128,면욕
4129,승승장구
4130,쩌는듯
4131,어덯게좀
4132,리터
4133,블로거
4134,씨아
4135,개처
4136,지니
4137,좃망겜아
4138,난이도
4139,애초
4140,티밍충들쉘리
4141,기내
4142,발롬
4143,계획
4144,티밍충들
4145,렙짜리
4146,딜량
4147,약정
4148,사향
4149,하락
4150,포마드
4151,일해
4152,업뎃한거져
4153,이해해
4154,성은
4155,가다가
4156,밸붕때문
4157,샌디
4158,서비스
4159,게새
4160,아이콘
4161,것즘
4162,헤온
4163,티밍할때
4164,로서
4165,떨어트린
4166,씨쉘리
4167,돈좀버
4168,러시
4169,버프
4170,쳣으
4171,개설
4172,예상
4173,리라
4174,지읒
4175,야합
4176,파리
4177,려면
4178,배려
4179,공격
4180,겜삭함
4181,설치
4182,개샊들
4183,딜박
4184,팀운팀운좀
4185,고대로
4186,먹튀
4187,도피
4188,티밍해
4189,체온
4190,모두의마블
4191,여지
4192,있다렌덤
4193,딜도
4194,게뭐
4195,초딩
4196,유치원
4197,느데
4198,명성
4199,랭크찍어
4200,뭐얔
4201,달래
4202,율도
4203,망겜응
4204,때매
4205,가죽
4206,거나
4207,운빨망겜
4208,리나
4209,렉시
4210,깡패
4211,샤워
4212,게월
4213,총사
4214,루즈
4215,깨달
4216,업체
4217,밍나
4218,노력
4219,어의
4220,개병
4221,얼반
4222,높이
4223,이대
4224,단물
4225,마다
4226,개수
4227,케릭
4228,구야
4229,도입
4230,고치시
4231,요청
4232,점검
4233,작시
4234,딜레
4235,슈발것들
4236,전세계
4237,게임방
4238,빨놈
4239,거르셈
4240,부롤
4241,현금
4242,금제
4243,상대
4244,블랙리스트
4245,일어나고
4246,게똥
4247,겜말
4248,올유숮영햊우
4249,아무
4250,고발
4251,저주
4252,스트라이크
4253,타도
4254,의문사
4255,전투
4256,가야
4257,본래
4258,겜입
4259,안경
4260,추측
4261,씝망겜
4262,퍼정도
4263,탈퇴
4264,명중
4265,의도
4266,이색기
4267,확인
4268,디지몬
4269,물건
4270,상향
4271,선전
4272,고생
4273,이유
4274,부각
4275,특가세일
4276,좇망겜
4277,뇌피셜
4278,말로
4279,공개
4280,빨간색
4281,한계
4282,대결
4283,궁리
4284,월컵
4285,핑렉
4286,무료
4287,반대편
4288,배그
4289,회수
4290,의견
4291,죽음
4292,주신
4293,주저
4294,미디
4295,질병
4296,개척
4297,찐빵
4298,매수
4299,뽀개면
4300,고혈압
4301,때문
4302,발다
4303,주지
4304,오오오
4305,잣밥
4306,어차피
4307,사정거리
4308,좃같구
4309,응신
4310,다리
4311,나나
4312,은애
4313,연동
4314,아마
4315,벨붕임
4316,벽뒤
4317,본론
4318,블랙
4319,옛날
4320,좋을탠데
4321,정준영
4322,기초
4323,전반
4324,라이
4325,쓰레
4326,못너
4327,이크
4328,뻬으
4329,라인
4330,망신
4331,원숭이
4332,공판정
4333,집단
4334,최강
4335,당황
4336,소립
4337,스르
4338,쫌쫌호
4339,쉘리
4340,윤종신
4341,지능
4342,치밀
4343,제곧내
4344,엔젤
4345,운행
4346,어감
4347,수단
4348,이롣
4349,신화
4350,풀칸
4351,발렌타인데이
4352,대전
4353,좃망갬
4354,발사
4355,그다음
4356,레와떼문
4357,망겜팀빨
