,update_id,year,month,day,word
0,1,2020,4,16,면역
1,1,2020,4,16,롤러
2,1,2020,4,16,피해
3,1,2020,4,16,덤불
4,1,2020,4,16,감소
5,1,2020,4,16,파워
6,1,2020,4,16,스타
7,1,2020,4,16,울타리
8,1,2020,4,16,내용
9,1,2020,4,16,가젯
10,1,2020,4,16,공격
11,1,2020,4,16,조정
12,1,2020,4,16,변경
13,1,2020,4,16,파괴
14,1,2020,4,16,밸런스
15,1,2020,4,16,스프라우트
16,1,2020,4,16,대한
17,1,2020,4,16,성장
18,1,2020,4,16,폭탄
19,1,2020,4,16,가량
20,1,2020,4,16,의견
21,1,2020,4,16,범위
22,1,2020,4,16,덩굴
23,1,2020,4,16,잔디깍기
24,1,2020,4,16,여러분
25,1,2020,4,16,씨앗
26,1,2020,4,16,폭발
27,1,2020,4,16,브롤러
28,1,2020,4,16,접촉
29,1,2020,4,16,특수
30,1,2020,4,16,실드
31,2,2020,4,14,수정
32,2,2020,4,14,모드
33,2,2020,4,14,전달
34,2,2020,4,14,선택
35,2,2020,4,14,일부
36,2,2020,4,14,추가
37,2,2020,4,14,오류
38,2,2020,4,14,사항
39,2,2020,4,14,일반
40,2,2020,4,14,기능
41,2,2020,4,14,서비스
42,2,2020,4,14,그래픽
43,2,2020,4,14,적용
44,2,2020,4,14,가젯
45,2,2020,4,14,최대
46,2,2020,4,14,조준
47,2,2020,4,14,상자
48,2,2020,4,14,공격
49,2,2020,4,14,표시
50,2,2020,4,14,변경
51,2,2020,4,14,파괴
52,2,2020,4,14,고려
53,2,2020,4,14,스프라우트
54,2,2020,4,14,짐꾼
55,2,2020,4,14,편집
56,2,2020,4,14,로봇
57,2,2020,4,14,대한
58,2,2020,4,14,다운
59,2,2020,4,14,사거리
60,2,2020,4,14,업데이트
61,2,2020,4,14,문제
62,2,2020,4,14,사용
63,2,2020,4,14,폭탄
64,2,2020,4,14,그림자
65,2,2020,4,14,설정
66,2,2020,4,14,미스터
67,2,2020,4,14,의견
68,2,2020,4,14,진행
69,2,2020,4,14,알림
70,2,2020,4,14,직접
71,2,2020,4,14,안내
72,2,2020,4,14,여러분
73,2,2020,4,14,체험
74,2,2020,4,14,씨앗
75,2,2020,4,14,위치
76,2,2020,4,14,조이스틱
77,2,2020,4,14,정상
78,2,2020,4,14,자동
79,2,2020,4,14,개선
80,3,2020,4,7,계속
81,3,2020,4,7,램프
82,3,2020,4,7,비비
83,3,2020,4,7,향수
84,3,2020,4,7,공격
85,3,2020,4,7,조정
86,3,2020,4,7,조물
87,3,2020,4,7,경우
88,3,2020,4,7,화면
89,3,2020,4,7,혼자
90,3,2020,4,7,폭발
91,3,2020,4,7,대릴
92,3,2020,4,7,요술
93,3,2020,4,7,이동
94,3,2020,4,7,개선
95,3,2020,4,7,크로우
96,3,2020,4,7,프랭크
97,3,2020,4,7,신규
98,3,2020,4,7,피해
99,3,2020,4,7,일부
100,3,2020,4,7,추가
101,3,2020,4,7,모든
102,3,2020,4,7,감소
103,3,2020,4,7,게임
104,3,2020,4,7,경기
105,3,2020,4,7,엠즈
106,3,2020,4,7,포트
107,3,2020,4,7,부스터
108,3,2020,4,7,증가
109,3,2020,4,7,재키
110,3,2020,4,7,횟수
111,3,2020,4,7,방해
112,3,2020,4,7,이상
113,3,2020,4,7,기타
114,3,2020,4,7,사용
115,3,2020,4,7,효과
116,3,2020,4,7,문제
117,3,2020,4,7,의견
118,3,2020,4,7,스파이크
119,3,2020,4,7,트로피
120,3,2020,4,7,범위
121,3,2020,4,7,순간
122,3,2020,4,7,모드
123,3,2020,4,7,롤러
124,3,2020,4,7,유성우
125,3,2020,4,7,오류
126,3,2020,4,7,종료
127,3,2020,4,7,일반
128,3,2020,4,7,파워
129,3,2020,4,7,가젯
130,3,2020,4,7,발생
131,3,2020,4,7,겨냥
132,3,2020,4,7,포코
133,3,2020,4,7,표시
134,3,2020,4,7,밸런스
135,3,2020,4,7,차감
136,3,2020,4,7,사체
137,3,2020,4,7,타격
138,3,2020,4,7,벌침
139,3,2020,4,7,대한
140,3,2020,4,7,발견
141,3,2020,4,7,대기
142,3,2020,4,7,시즌
143,3,2020,4,7,여러분
144,3,2020,4,7,방어
145,3,2020,4,7,특수
146,3,2020,4,7,상점
147,3,2020,4,7,매치
148,3,2020,4,7,수정
149,3,2020,4,7,활성화
150,3,2020,4,7,스타
151,3,2020,4,7,내용
152,3,2020,4,7,초반
153,3,2020,4,7,매우
154,3,2020,4,7,가시
155,3,2020,4,7,변경
156,3,2020,4,7,파괴
157,3,2020,4,7,타라
158,3,2020,4,7,소요
159,3,2020,4,7,구름
160,3,2020,4,7,브롤
161,3,2020,4,7,다운
162,3,2020,4,7,커브
163,3,2020,4,7,친구
164,3,2020,4,7,가능
165,3,2020,4,7,속도
166,3,2020,4,7,아이콘
167,3,2020,4,7,코드
168,3,2020,4,7,회복
169,3,2020,4,7,충돌
170,3,2020,4,7,국가
171,3,2020,4,7,브롤러
172,3,2020,4,7,거대
173,4,2020,3,26,수정
174,4,2020,3,26,프랭크
175,4,2020,3,26,면역
176,4,2020,3,26,기압
177,4,2020,3,26,모드
178,4,2020,3,26,롤러
179,4,2020,3,26,피해
180,4,2020,3,26,덤불
181,4,2020,3,26,포탑
182,4,2020,3,26,플레이
183,4,2020,3,26,오류
184,4,2020,3,26,종료
185,4,2020,3,26,일반
186,4,2020,3,26,물이
187,4,2020,3,26,관련
188,4,2020,3,26,드릴
189,4,2020,3,26,감소
190,4,2020,3,26,트랩
191,4,2020,3,26,파워
192,4,2020,3,26,맥스
193,4,2020,3,26,램프
194,4,2020,3,26,소환
195,4,2020,3,26,슬링
196,4,2020,3,26,휴대
197,4,2020,3,26,린지
198,4,2020,3,26,내용
199,4,2020,3,26,가젯
200,4,2020,3,26,조준
201,4,2020,3,26,게임
202,4,2020,3,26,로사
203,4,2020,3,26,공격
204,4,2020,3,26,조정
205,4,2020,3,26,물의
206,4,2020,3,26,챔피언십
207,4,2020,3,26,표시
208,4,2020,3,26,부스터
209,4,2020,3,26,육성
210,4,2020,3,26,밸런스
211,4,2020,3,26,경우
212,4,2020,3,26,증가
213,4,2020,3,26,점핑
214,4,2020,3,26,재키
215,4,2020,3,26,식물
216,4,2020,3,26,로봇
217,4,2020,3,26,대한
218,4,2020,3,26,방해
219,4,2020,3,26,효과
220,4,2020,3,26,문제
221,4,2020,3,26,시간
222,4,2020,3,26,속도
223,4,2020,3,26,노이즈
224,4,2020,3,26,로보
225,4,2020,3,26,의견
226,4,2020,3,26,럼블
227,4,2020,3,26,여러분
228,4,2020,3,26,위치
229,4,2020,3,26,헤드폰
230,4,2020,3,26,강제
231,4,2020,3,26,이동
232,4,2020,3,26,더독
233,5,2020,3,23,수정
234,5,2020,3,23,상태
235,5,2020,3,23,선택
236,5,2020,3,23,롤러
237,5,2020,3,23,크기
238,5,2020,3,23,확인
239,5,2020,3,23,오류
240,5,2020,3,23,사항
241,5,2020,3,23,관련
242,5,2020,3,23,그래픽
243,5,2020,3,23,적용
244,5,2020,3,23,가젯
245,5,2020,3,23,발생
246,5,2020,3,23,변경
247,5,2020,3,23,준비
248,5,2020,3,23,자신
249,5,2020,3,23,대한
250,5,2020,3,23,대기
251,5,2020,3,23,화면
252,5,2020,3,23,업데이트
253,5,2020,3,23,문제
254,5,2020,3,23,의견
255,5,2020,3,23,진행
256,5,2020,3,23,직접
257,5,2020,3,23,안내
258,5,2020,3,23,여러분
259,5,2020,3,23,충돌
260,5,2020,3,23,버튼
261,5,2020,3,23,상점
262,5,2020,3,23,개선
263,6,2020,3,19,모의
264,6,2020,3,19,금고
265,6,2020,3,19,수정
266,6,2020,3,19,조립
267,6,2020,3,19,포탑
268,6,2020,3,19,점검
269,6,2020,3,19,페니
270,6,2020,3,19,게임
271,6,2020,3,19,적용
272,6,2020,3,19,다시
273,6,2020,3,19,가젯
274,6,2020,3,19,조준
275,6,2020,3,19,공격
276,6,2020,3,19,타라
277,6,2020,3,19,변경
278,6,2020,3,19,파괴
279,6,2020,3,19,조물
280,6,2020,3,19,프리
281,6,2020,3,19,재키
282,6,2020,3,19,로봇
283,6,2020,3,19,대한
284,6,2020,3,19,사망
285,6,2020,3,19,기타
286,6,2020,3,19,토끼
287,6,2020,3,19,효과
288,6,2020,3,19,문제
289,6,2020,3,19,해당
290,6,2020,3,19,티스
291,6,2020,3,19,의견
292,6,2020,3,19,플레이어
293,6,2020,3,19,우선
294,6,2020,3,19,여러분
295,6,2020,3,19,친선
296,6,2020,3,19,특수
297,7,2020,3,17,롤러
298,7,2020,3,17,피해
299,7,2020,3,17,일반
300,7,2020,3,17,감소
301,7,2020,3,17,파워
302,7,2020,3,17,맥스
303,7,2020,3,17,회전
304,7,2020,3,17,스타
305,7,2020,3,17,내용
306,7,2020,3,17,돌풍
307,7,2020,3,17,공격
308,7,2020,3,17,조정
309,7,2020,3,17,밸런스
310,7,2020,3,17,증가
311,7,2020,3,17,장전
312,7,2020,3,17,짐꾼
313,7,2020,3,17,대한
314,7,2020,3,17,초당
315,7,2020,3,17,속도
316,7,2020,3,17,시간
317,7,2020,3,17,미스터
318,7,2020,3,17,의견
319,7,2020,3,17,모래
320,7,2020,3,17,자갈
321,7,2020,3,17,카트
322,7,2020,3,17,여러분
323,7,2020,3,17,샌디
324,7,2020,3,17,특수
325,8,2020,3,17,어깨
326,8,2020,3,17,확인
327,8,2020,3,17,콜트
328,8,2020,3,17,지뢰
329,8,2020,3,17,사랑
330,8,2020,3,17,먼지
331,8,2020,3,17,이용
332,8,2020,3,17,맥스
333,8,2020,3,17,페니
334,8,2020,3,17,피해량
335,8,2020,3,17,램프
336,8,2020,3,17,린지
337,8,2020,3,17,회전
338,8,2020,3,17,토템
339,8,2020,3,17,슬링
340,8,2020,3,17,핀볼
341,8,2020,3,17,증폭기
342,8,2020,3,17,비타민
343,8,2020,3,17,비비
344,8,2020,3,17,상자
345,8,2020,3,17,발사
346,8,2020,3,17,적용
347,8,2020,3,17,가장
348,8,2020,3,17,공격
349,8,2020,3,17,게이지
350,8,2020,3,17,향수
351,8,2020,3,17,영사기
352,8,2020,3,17,교란
353,8,2020,3,17,조정
354,8,2020,3,17,크게
355,8,2020,3,17,벌집
356,8,2020,3,17,일부
357,8,2020,3,17,패배
358,8,2020,3,17,보충
359,8,2020,3,17,레온
360,8,2020,3,17,경우
361,8,2020,3,17,다이너마이트
362,8,2020,3,17,회전기
363,8,2020,3,17,쾌속
364,8,2020,3,17,초희
365,8,2020,3,17,공중
366,8,2020,3,17,능력
367,8,2020,3,17,나선형
368,8,2020,3,17,초당
369,8,2020,3,17,삭제
370,8,2020,3,17,호의
371,8,2020,3,17,스타디움
372,8,2020,3,17,티스
373,8,2020,3,17,포인트
374,8,2020,3,17,지면
375,8,2020,3,17,상승
376,8,2020,3,17,미스터
377,8,2020,3,17,여파
378,8,2020,3,17,즉시
379,8,2020,3,17,위해
380,8,2020,3,17,시스템
381,8,2020,3,17,카트
382,8,2020,3,17,수량
383,8,2020,3,17,전부
384,8,2020,3,17,기절
385,8,2020,3,17,마이크
386,8,2020,3,17,폭발
387,8,2020,3,17,시럽
388,8,2020,3,17,대릴
389,8,2020,3,17,요술
390,8,2020,3,17,이동
391,8,2020,3,17,이제
392,8,2020,3,17,접촉
393,8,2020,3,17,방향
394,8,2020,3,17,쟁취
395,8,2020,3,17,가까이
396,8,2020,3,17,실드
397,8,2020,3,17,스킨
398,8,2020,3,17,스니커즈
399,8,2020,3,17,크로우
400,8,2020,3,17,비트
401,8,2020,3,17,프랭크
402,8,2020,3,17,기압
403,8,2020,3,17,면역
404,8,2020,3,17,도움
405,8,2020,3,17,누구
406,8,2020,3,17,피해
407,8,2020,3,17,덤불
408,8,2020,3,17,솔로
409,8,2020,3,17,추가
410,8,2020,3,17,일정량
411,8,2020,3,17,공개
412,8,2020,3,17,벌꿀
413,8,2020,3,17,현재
414,8,2020,3,17,모든
415,8,2020,3,17,근처
416,8,2020,3,17,탄환
417,8,2020,3,17,감소
418,8,2020,3,17,마치
419,8,2020,3,17,기능
420,8,2020,3,17,이하
421,8,2020,3,17,서비스
422,8,2020,3,17,함정
423,8,2020,3,17,게임
424,8,2020,3,17,일시
425,8,2020,3,17,상대
426,8,2020,3,17,혼합물
427,8,2020,3,17,주기
428,8,2020,3,17,로사
429,8,2020,3,17,충족
430,8,2020,3,17,다음
431,8,2020,3,17,순간이동
432,8,2020,3,17,지속
433,8,2020,3,17,육즙
434,8,2020,3,17,치유
435,8,2020,3,17,엠즈
436,8,2020,3,17,포트
437,8,2020,3,17,부스터
438,8,2020,3,17,증가
439,8,2020,3,17,재키
440,8,2020,3,17,발톱
441,8,2020,3,17,터렛
442,8,2020,3,17,짐꾼
443,8,2020,3,17,식물
444,8,2020,3,17,문제
445,8,2020,3,17,방해
446,8,2020,3,17,이상
447,8,2020,3,17,기타
448,8,2020,3,17,사용
449,8,2020,3,17,토끼
450,8,2020,3,17,반격
451,8,2020,3,17,효과
452,8,2020,3,17,오직
453,8,2020,3,17,설정
454,8,2020,3,17,노이즈
455,8,2020,3,17,사방
456,8,2020,3,17,이벤트
457,8,2020,3,17,로보
458,8,2020,3,17,의견
459,8,2020,3,17,보상
460,8,2020,3,17,트로피
461,8,2020,3,17,예비
462,8,2020,3,17,범위
463,8,2020,3,17,스파이크
464,8,2020,3,17,플레이어
465,8,2020,3,17,럼블
466,8,2020,3,17,에너지
467,8,2020,3,17,득점
468,8,2020,3,17,티켓
469,8,2020,3,17,진행
470,8,2020,3,17,너구리
471,8,2020,3,17,조기
472,8,2020,3,17,만듭니
473,8,2020,3,17,드림
474,8,2020,3,17,라면
475,8,2020,3,17,호루스
476,8,2020,3,17,자동
477,8,2020,3,17,거리
478,8,2020,3,17,부활
479,8,2020,3,17,등장
480,8,2020,3,17,순간
481,8,2020,3,17,카카오
482,8,2020,3,17,쉘리
483,8,2020,3,17,모드
484,8,2020,3,17,슈퍼셀
485,8,2020,3,17,돌진
486,8,2020,3,17,롤러
487,8,2020,3,17,영광
488,8,2020,3,17,전기
489,8,2020,3,17,오류
490,8,2020,3,17,종료
491,8,2020,3,17,일반
492,8,2020,3,17,참가
493,8,2020,3,17,은하수
494,8,2020,3,17,몰리
495,8,2020,3,17,가동
496,8,2020,3,17,아군
497,8,2020,3,17,파워
498,8,2020,3,17,감기
499,8,2020,3,17,그녀
500,8,2020,3,17,휴대
501,8,2020,3,17,사기
502,8,2020,3,17,가젯
503,8,2020,3,17,소리굽쇠
504,8,2020,3,17,이면
505,8,2020,3,17,경기장
506,8,2020,3,17,최대한
507,8,2020,3,17,스테이크
508,8,2020,3,17,포코
509,8,2020,3,17,주변
510,8,2020,3,17,표시
511,8,2020,3,17,조건
512,8,2020,3,17,코치
513,8,2020,3,17,육성
514,8,2020,3,17,밸런스
515,8,2020,3,17,아래
516,8,2020,3,17,보호
517,8,2020,3,17,장전
518,8,2020,3,17,대학생
519,8,2020,3,17,파동
520,8,2020,3,17,동안
521,8,2020,3,17,대포
522,8,2020,3,17,가열
523,8,2020,3,17,플러그
524,8,2020,3,17,발견
525,8,2020,3,17,대한
526,8,2020,3,17,스피너
527,8,2020,3,17,스타즈
528,8,2020,3,17,달성
529,8,2020,3,17,평균
530,8,2020,3,17,초대
531,8,2020,3,17,여러
532,8,2020,3,17,가득
533,8,2020,3,17,방석
534,8,2020,3,17,레벨
535,8,2020,3,17,데미지
536,8,2020,3,17,바위
537,8,2020,3,17,플렉스
538,8,2020,3,17,충전
539,8,2020,3,17,여러분
540,8,2020,3,17,친선
541,8,2020,3,17,주위
542,8,2020,3,17,방어
543,8,2020,3,17,하나
544,8,2020,3,17,시작
545,8,2020,3,17,해제
546,8,2020,3,17,바닥
547,8,2020,3,17,특수
548,8,2020,3,17,상점
549,8,2020,3,17,이후
550,8,2020,3,17,안전모
551,8,2020,3,17,듀오
552,8,2020,3,17,수정
553,8,2020,3,17,치트키
554,8,2020,3,17,플레이
555,8,2020,3,17,브록
556,8,2020,3,17,제시
557,8,2020,3,17,적도
558,8,2020,3,17,드릴
559,8,2020,3,17,제공
560,8,2020,3,17,무료
561,8,2020,3,17,가지
562,8,2020,3,17,통통
563,8,2020,3,17,스타
564,8,2020,3,17,다시
565,8,2020,3,17,장치
566,8,2020,3,17,조준
567,8,2020,3,17,보너스
568,8,2020,3,17,내용
569,8,2020,3,17,구덩이
570,8,2020,3,17,발리
571,8,2020,3,17,홀리
572,8,2020,3,17,유도
573,8,2020,3,17,웅덩이
574,8,2020,3,17,흔듭니
575,8,2020,3,17,직후
576,8,2020,3,17,타라
577,8,2020,3,17,가시
578,8,2020,3,17,파괴
579,8,2020,3,17,통탄
580,8,2020,3,17,팬케이크
581,8,2020,3,17,콤보
582,8,2020,3,17,점화
583,8,2020,3,17,변경
584,8,2020,3,17,자신
585,8,2020,3,17,프리
586,8,2020,3,17,스프라우트
587,8,2020,3,17,자리
588,8,2020,3,17,수면
589,8,2020,3,17,마스코트
590,8,2020,3,17,브롤
591,8,2020,3,17,다운
592,8,2020,3,17,로켓
593,8,2020,3,17,친구
594,8,2020,3,17,업데이트
595,8,2020,3,17,승리
596,8,2020,3,17,충격파
597,8,2020,3,17,파고
598,8,2020,3,17,속도
599,8,2020,3,17,환영
600,8,2020,3,17,연동
601,8,2020,3,17,칵테일
602,8,2020,3,17,오프라인
603,8,2020,3,17,프레임
604,8,2020,3,17,계정
605,8,2020,3,17,위상
606,8,2020,3,17,슈퍼
607,8,2020,3,17,리코
608,8,2020,3,17,초능력
609,8,2020,3,17,바늘
610,8,2020,3,17,여부
611,8,2020,3,17,제거
612,8,2020,3,17,포함
613,8,2020,3,17,회복
614,8,2020,3,17,조각
615,8,2020,3,17,모델링
616,8,2020,3,17,피젯
617,8,2020,3,17,샌디
618,8,2020,3,17,국가
619,8,2020,3,17,뒤흔듭니
620,8,2020,3,17,보석
621,8,2020,3,17,브롤러
622,8,2020,3,17,헤드폰
623,8,2020,3,17,내의
624,8,2020,3,17,더독
625,9,2020,3,10,도달
626,9,2020,3,10,랭크
627,9,2020,3,10,종료
628,9,2020,3,10,예정
629,9,2020,3,10,모든
630,9,2020,3,10,감소
631,9,2020,3,10,적용
632,9,2020,3,10,최대
633,9,2020,3,10,다음
634,9,2020,3,10,지난
635,9,2020,3,10,선사
636,9,2020,3,10,발생
637,9,2020,3,10,조정
638,9,2020,3,10,조정은
639,9,2020,3,10,중이
640,9,2020,3,10,걱정
641,9,2020,3,10,보전
642,9,2020,3,10,또한
643,9,2020,3,10,불균형
644,9,2020,3,10,금식
645,9,2020,3,10,손실
646,9,2020,3,10,최소
647,9,2020,3,10,밸런스
648,9,2020,3,10,해결
649,9,2020,3,10,업데이트
650,9,2020,3,10,해당
651,9,2020,3,10,문제
652,9,2020,3,10,의견
653,9,2020,3,10,트로피
654,9,2020,3,10,위해
655,9,2020,3,10,시스템
656,9,2020,3,10,한정
657,9,2020,3,10,즐거움
658,9,2020,3,10,시즌
659,9,2020,3,10,작업
660,9,2020,3,10,감사
661,9,2020,3,10,갈수
662,9,2020,3,10,노력
663,9,2020,3,10,개선
664,10,2020,2,25,비트
665,10,2020,2,25,롤러
666,10,2020,2,25,피해
667,10,2020,2,25,탄환
668,10,2020,2,25,후프
669,10,2020,2,25,감소
670,10,2020,2,25,파워
671,10,2020,2,25,스타
672,10,2020,2,25,내용
673,10,2020,2,25,보너스
674,10,2020,2,25,조정
675,10,2020,2,25,포코
676,10,2020,2,25,강철
677,10,2020,2,25,밸런스
678,10,2020,2,25,증가
679,10,2020,2,25,대한
680,10,2020,2,25,효과
681,10,2020,2,25,개수
682,10,2020,2,25,의견
683,10,2020,2,25,회복
684,10,2020,2,25,여러분
685,10,2020,2,25,테라
686,10,2020,2,25,라이프
687,10,2020,2,25,대릴
688,10,2020,2,25,뮤직
689,10,2020,2,25,부활
690,11,2020,2,19,비트
691,11,2020,2,19,프랭크
692,11,2020,2,19,면역
693,11,2020,2,19,롤러
694,11,2020,2,19,피해
695,11,2020,2,19,콜트
696,11,2020,2,19,한번
697,11,2020,2,19,지뢰
698,11,2020,2,19,유지
699,11,2020,2,19,일반
700,11,2020,2,19,감소
701,11,2020,2,19,후프
702,11,2020,2,19,파워
703,11,2020,2,19,리볼버
704,11,2020,2,19,스타
705,11,2020,2,19,게임
706,11,2020,2,19,내용
707,11,2020,2,19,보너스
708,11,2020,2,19,최대
709,11,2020,2,19,공격
710,11,2020,2,19,조정
711,11,2020,2,19,포코
712,11,2020,2,19,허니
713,11,2020,2,19,지속
714,11,2020,2,19,수리검
715,11,2020,2,19,엠즈
716,11,2020,2,19,가시
717,11,2020,2,19,발동
718,11,2020,2,19,강철
719,11,2020,2,19,레온
720,11,2020,2,19,밸런스
721,11,2020,2,19,미니
722,11,2020,2,19,프리
723,11,2020,2,19,증가
724,11,2020,2,19,다이너마이트
725,11,2020,2,19,보호
726,11,2020,2,19,연발
727,11,2020,2,19,대한
728,11,2020,2,19,사거리
729,11,2020,2,19,투척
730,11,2020,2,19,초당
731,11,2020,2,19,수류탄
732,11,2020,2,19,삭제
733,11,2020,2,19,시간
734,11,2020,2,19,효과
735,11,2020,2,19,미스터
736,11,2020,2,19,스파이크
737,11,2020,2,19,의견
738,11,2020,2,19,코트
739,11,2020,2,19,피루엣
740,11,2020,2,19,스톰
741,11,2020,2,19,회복
742,11,2020,2,19,여러분
743,11,2020,2,19,감사
744,11,2020,2,19,마이크
745,11,2020,2,19,라이프
746,11,2020,2,19,가방
747,11,2020,2,19,대릴
748,11,2020,2,19,특수
749,11,2020,2,19,부활
750,11,2020,2,19,실드
751,12,2020,1,24,수정
752,12,2020,1,24,모드
753,12,2020,1,24,선택
754,12,2020,1,24,오류
755,12,2020,1,24,초과
756,12,2020,1,24,바운티
757,12,2020,1,24,정수정
758,12,2020,1,24,점검
759,12,2020,1,24,최대
760,12,2020,1,24,처치
761,12,2020,1,24,발생
762,12,2020,1,24,공격
763,12,2020,1,24,수령
764,12,2020,1,24,경우
765,12,2020,1,24,짐꾼
766,12,2020,1,24,로봇
767,12,2020,1,24,대한
768,12,2020,1,24,획득
769,12,2020,1,24,문제
770,12,2020,1,24,미스터
771,12,2020,1,24,보상
772,12,2020,1,24,트로피
773,12,2020,1,24,의견
774,12,2020,1,24,척도
775,12,2020,1,24,여러분
776,12,2020,1,24,충돌
777,12,2020,1,24,특수
778,13,2020,1,24,롤러
779,13,2020,1,24,피해
780,13,2020,1,24,반경
781,13,2020,1,24,일반
782,13,2020,1,24,아군
783,13,2020,1,24,감소
784,13,2020,1,24,후프
785,13,2020,1,24,파워
786,13,2020,1,24,맥스
787,13,2020,1,24,스타
788,13,2020,1,24,내용
789,13,2020,1,24,허니
790,13,2020,1,24,조정
791,13,2020,1,24,공격
792,13,2020,1,24,지속
793,13,2020,1,24,밸런스
794,13,2020,1,24,증가
795,13,2020,1,24,장전
796,13,2020,1,24,보호
797,13,2020,1,24,대한
798,13,2020,1,24,시간
799,13,2020,1,24,속도
800,13,2020,1,24,사포
801,13,2020,1,24,의견
802,13,2020,1,24,코트
803,13,2020,1,24,래스터
804,13,2020,1,24,여러분
805,13,2020,1,24,대릴
806,13,2020,1,24,이동
807,13,2020,1,24,특수
808,13,2020,1,24,강철
809,14,2020,1,24,오락실
810,14,2020,1,24,선택
811,14,2020,1,24,확인
812,14,2020,1,24,상품
813,14,2020,1,24,린지
814,14,2020,1,24,적용
815,14,2020,1,24,비비
816,14,2020,1,24,공격
817,14,2020,1,24,조정
818,14,2020,1,24,패배
819,14,2020,1,24,찾기
820,14,2020,1,24,반영
821,14,2020,1,24,삭제
822,14,2020,1,24,화면
823,14,2020,1,24,제한
824,14,2020,1,24,미스터
825,14,2020,1,24,보이
826,14,2020,1,24,폭발
827,14,2020,1,24,매칭
828,14,2020,1,24,개선
829,14,2020,1,24,스킨
830,14,2020,1,24,장애물
831,14,2020,1,24,비트
832,14,2020,1,24,취급
833,14,2020,1,24,상태
834,14,2020,1,24,피해
835,14,2020,1,24,추가
836,14,2020,1,24,랭크
837,14,2020,1,24,공개
838,14,2020,1,24,도울
839,14,2020,1,24,기능
840,14,2020,1,24,게임
841,14,2020,1,24,상대
842,14,2020,1,24,개편
843,14,2020,1,24,챔피언십
844,14,2020,1,24,특별
845,14,2020,1,24,기기
846,14,2020,1,24,증가
847,14,2020,1,24,정보
848,14,2020,1,24,거점
849,14,2020,1,24,짐꾼
850,14,2020,1,24,횟수
851,14,2020,1,24,깡통
852,14,2020,1,24,로봇
853,14,2020,1,24,획득
854,14,2020,1,24,기타
855,14,2020,1,24,여행
856,14,2020,1,24,사용
857,14,2020,1,24,이벤트
858,14,2020,1,24,의견
859,14,2020,1,24,보상
860,14,2020,1,24,트로피
861,14,2020,1,24,플레이어
862,14,2020,1,24,마지막
863,14,2020,1,24,진행
864,14,2020,1,24,척도
865,14,2020,1,24,핫존
866,14,2020,1,24,더블
867,14,2020,1,24,토큰
868,14,2020,1,24,등장
869,14,2020,1,24,모드
870,14,2020,1,24,진척
871,14,2020,1,24,롤러
872,14,2020,1,24,큐피트
873,14,2020,1,24,오류
874,14,2020,1,24,종료
875,14,2020,1,24,일반
876,14,2020,1,24,조작
877,14,2020,1,24,아군
878,14,2020,1,24,파워
879,14,2020,1,24,소환
880,14,2020,1,24,밸런스
881,14,2020,1,24,점수
882,14,2020,1,24,통해
883,14,2020,1,24,동안
884,14,2020,1,24,대한
885,14,2020,1,24,광역
886,14,2020,1,24,테이크다운
887,14,2020,1,24,레벨
888,14,2020,1,24,길거리
889,14,2020,1,24,여러분
890,14,2020,1,24,에이전트
891,14,2020,1,24,바이러스
892,14,2020,1,24,하나
893,14,2020,1,24,닌자
894,14,2020,1,24,튕겨
895,14,2020,1,24,특수
896,14,2020,1,24,상점
897,14,2020,1,24,화난
898,14,2020,1,24,수정
899,14,2020,1,24,적중
900,14,2020,1,24,코알라
901,14,2020,1,24,신화
902,14,2020,1,24,활성화
903,14,2020,1,24,설치
904,14,2020,1,24,스타
905,14,2020,1,24,점령
906,14,2020,1,24,내용
907,14,2020,1,24,태블릿
908,14,2020,1,24,타라
909,14,2020,1,24,히로인
910,14,2020,1,24,변경
911,14,2020,1,24,주의
912,14,2020,1,24,자신
913,14,2020,1,24,형태
914,14,2020,1,24,업데이트
915,14,2020,1,24,승리
916,14,2020,1,24,화가
917,14,2020,1,24,시간
918,14,2020,1,24,배경
919,14,2020,1,24,맞이
920,14,2020,1,24,가방
921,14,2020,1,24,보석
922,14,2020,1,24,브롤러
923,14,2020,1,24,조이스틱
924,15,2019,12,20,수정
925,15,2019,12,20,메뉴
926,15,2019,12,20,선택
927,15,2019,12,20,롤러
928,15,2019,12,20,콜트
929,15,2019,12,20,페이스북
930,15,2019,12,20,오류
931,15,2019,12,20,플레이
932,15,2019,12,20,관련
933,15,2019,12,20,기능
934,15,2019,12,20,두건
935,15,2019,12,20,그래픽
936,15,2019,12,20,적용
937,15,2019,12,20,다시
938,15,2019,12,20,안드로이드
939,15,2019,12,20,누락
940,15,2019,12,20,버전
941,15,2019,12,20,비정상
942,15,2019,12,20,표시
943,15,2019,12,20,변경
944,15,2019,12,20,기기
945,15,2019,12,20,해적
946,15,2019,12,20,대한
947,15,2019,12,20,친구
948,15,2019,12,20,화면
949,15,2019,12,20,사용
950,15,2019,12,20,업데이트
951,15,2019,12,20,문제
952,15,2019,12,20,팝업
953,15,2019,12,20,반전
954,15,2019,12,20,로그인
955,15,2019,12,20,아이콘
956,15,2019,12,20,의견
957,15,2019,12,20,트로피
958,15,2019,12,20,진행
959,15,2019,12,20,직접
960,15,2019,12,20,안내
961,15,2019,12,20,여러분
962,15,2019,12,20,정상
963,16,2019,12,19,수정
964,16,2019,12,19,상태
965,16,2019,12,19,오류
966,16,2019,12,19,정수정
967,16,2019,12,19,파워
968,16,2019,12,19,점검
969,16,2019,12,19,스타
970,16,2019,12,19,적용
971,16,2019,12,19,임시
972,16,2019,12,19,비비
973,16,2019,12,19,공격
974,16,2019,12,19,비정상
975,16,2019,12,19,버전
976,16,2019,12,19,작동
977,16,2019,12,19,무적
978,16,2019,12,19,타격
979,16,2019,12,19,대한
980,16,2019,12,19,문제
981,16,2019,12,19,사용
982,16,2019,12,19,효과
983,16,2019,12,19,대상
984,16,2019,12,19,벌떼
985,16,2019,12,19,의견
986,16,2019,12,19,여러분
987,16,2019,12,19,이전
988,16,2019,12,19,자세
989,16,2019,12,19,특수
990,16,2019,12,19,강철
991,17,2019,12,18,업그레이드
992,17,2019,12,18,한번
993,17,2019,12,18,콜트
994,17,2019,12,18,영웅
995,17,2019,12,18,맥스
996,17,2019,12,18,피해량
997,17,2019,12,18,린지
998,17,2019,12,18,적용
999,17,2019,12,18,발사
1000,17,2019,12,18,누락
1001,17,2019,12,18,공격
1002,17,2019,12,18,레이디
1003,17,2019,12,18,채팅
1004,17,2019,12,18,레온
1005,17,2019,12,18,해적
1006,17,2019,12,18,능력
1007,17,2019,12,18,명예
1008,17,2019,12,18,사포
1009,17,2019,12,18,차지
1010,17,2019,12,18,즉시
1011,17,2019,12,18,월간
1012,17,2019,12,18,메이킹
1013,17,2019,12,18,기지
1014,17,2019,12,18,대릴
1015,17,2019,12,18,이동
1016,17,2019,12,18,스킨
1017,17,2019,12,18,상태
1018,17,2019,12,18,누구
1019,17,2019,12,18,피해
1020,17,2019,12,18,추가
1021,17,2019,12,18,잠깐
1022,17,2019,12,18,공개
1023,17,2019,12,18,모든
1024,17,2019,12,18,감소
1025,17,2019,12,18,마치
1026,17,2019,12,18,게임
1027,17,2019,12,18,다음
1028,17,2019,12,18,로사
1029,17,2019,12,18,기계
1030,17,2019,12,18,챔피언십
1031,17,2019,12,18,먼저
1032,17,2019,12,18,증가
1033,17,2019,12,18,캡틴
1034,17,2019,12,18,기타
1035,17,2019,12,18,사용
1036,17,2019,12,18,효과
1037,17,2019,12,18,문제
1038,17,2019,12,18,그림자
1039,17,2019,12,18,의견
1040,17,2019,12,18,보상
1041,17,2019,12,18,트로피
1042,17,2019,12,18,범위
1043,17,2019,12,18,지급
1044,17,2019,12,18,플레이어
1045,17,2019,12,18,한정
1046,17,2019,12,18,코트
1047,17,2019,12,18,기간
1048,17,2019,12,18,더블
1049,17,2019,12,18,버그
1050,17,2019,12,18,자동
1051,17,2019,12,18,부활
1052,17,2019,12,18,적의
1053,17,2019,12,18,모드
1054,17,2019,12,18,롤러
1055,17,2019,12,18,전기
1056,17,2019,12,18,듀스
1057,17,2019,12,18,유지
1058,17,2019,12,18,오류
1059,17,2019,12,18,그룹
1060,17,2019,12,18,일반
1061,17,2019,12,18,참가
1062,17,2019,12,18,아군
1063,17,2019,12,18,파워
1064,17,2019,12,18,본인
1065,17,2019,12,18,그녀
1066,17,2019,12,18,명중
1067,17,2019,12,18,포코
1068,17,2019,12,18,곤충학자
1069,17,2019,12,18,장전
1070,17,2019,12,18,보호
1071,17,2019,12,18,조수
1072,17,2019,12,18,데이
1073,17,2019,12,18,벌침
1074,17,2019,12,18,동안
1075,17,2019,12,18,무리
1076,17,2019,12,18,대기
1077,17,2019,12,18,대한
1078,17,2019,12,18,스타즈
1079,17,2019,12,18,구석
1080,17,2019,12,18,이상은
1081,17,2019,12,18,레벨
1082,17,2019,12,18,충전
1083,17,2019,12,18,여러분
1084,17,2019,12,18,친선
1085,17,2019,12,18,특수
1086,17,2019,12,18,강철
1087,17,2019,12,18,매치
1088,17,2019,12,18,수정
1089,17,2019,12,18,드론
1090,17,2019,12,18,신화
1091,17,2019,12,18,수집
1092,17,2019,12,18,스타
1093,17,2019,12,18,기반
1094,17,2019,12,18,다시
1095,17,2019,12,18,승마
1096,17,2019,12,18,최대
1097,17,2019,12,18,탈락
1098,17,2019,12,18,허니
1099,17,2019,12,18,텍스트
1100,17,2019,12,18,치명상
1101,17,2019,12,18,규칙
1102,17,2019,12,18,타라
1103,17,2019,12,18,변경
1104,17,2019,12,18,손목
1105,17,2019,12,18,샘플
1106,17,2019,12,18,무적
1107,17,2019,12,18,천국
1108,17,2019,12,18,자리
1109,17,2019,12,18,브롤
1110,17,2019,12,18,선물
1111,17,2019,12,18,업데이트
1112,17,2019,12,18,승리
1113,17,2019,12,18,속도
1114,17,2019,12,18,배경
1115,17,2019,12,18,벌떼
1116,17,2019,12,18,아주
1117,17,2019,12,18,총알
1118,17,2019,12,18,슈퍼
1119,17,2019,12,18,래스터
1120,17,2019,12,18,대체
1121,17,2019,12,18,변동
1122,17,2019,12,18,더욱
1123,17,2019,12,18,보석
1124,17,2019,12,18,브롤러
1125,17,2019,12,18,거대
1126,17,2019,12,18,제자리
1127,18,2019,12,5,이스트
1128,18,2019,12,5,금고
1129,18,2019,12,5,비트
1130,18,2019,12,5,면역
1131,18,2019,12,5,모드
1132,18,2019,12,5,롤러
1133,18,2019,12,5,피해
1134,18,2019,12,5,플레이
1135,18,2019,12,5,일반
1136,18,2019,12,5,제시
1137,18,2019,12,5,체력
1138,18,2019,12,5,감소
1139,18,2019,12,5,후프
1140,18,2019,12,5,설치
1141,18,2019,12,5,라이플
1142,18,2019,12,5,파워
1143,18,2019,12,5,스타
1144,18,2019,12,5,게임
1145,18,2019,12,5,내용
1146,18,2019,12,5,보너스
1147,18,2019,12,5,공격
1148,18,2019,12,5,조정
1149,18,2019,12,5,지속
1150,18,2019,12,5,타라
1151,18,2019,12,5,엠즈
1152,18,2019,12,5,변경
1153,18,2019,12,5,기준
1154,18,2019,12,5,밸런스
1155,18,2019,12,5,증가
1156,18,2019,12,5,사체
1157,18,2019,12,5,터렛
1158,18,2019,12,5,대한
1159,18,2019,12,5,초당
1160,18,2019,12,5,포털
1161,18,2019,12,5,블랙
1162,18,2019,12,5,승리
1163,18,2019,12,5,속도
1164,18,2019,12,5,시간
1165,18,2019,12,5,그림자
1166,18,2019,12,5,쇼크
1167,18,2019,12,5,후원
1168,18,2019,12,5,의견
1169,18,2019,12,5,모래
1170,18,2019,12,5,회복
1171,18,2019,12,5,여러분
1172,18,2019,12,5,감사
1173,18,2019,12,5,샌디
1174,18,2019,12,5,라이프
1175,18,2019,12,5,대릴
1176,18,2019,12,5,특수
1177,18,2019,12,5,강철
1178,18,2019,12,5,실드
1179,19,2019,11,22,수정
1180,19,2019,11,22,모드
1181,19,2019,11,22,일부
1182,19,2019,11,22,플레이
1183,19,2019,11,22,오류
1184,19,2019,11,22,지원
1185,19,2019,11,22,파워
1186,19,2019,11,22,점검
1187,19,2019,11,22,게임
1188,19,2019,11,22,잠시
1189,19,2019,11,22,참여
1190,19,2019,11,22,기기
1191,19,2019,11,22,작동
1192,19,2019,11,22,대한
1193,19,2019,11,22,삭제
1194,19,2019,11,22,문제
1195,19,2019,11,22,의견
1196,19,2019,11,22,제대로
1197,19,2019,11,22,플레이어
1198,19,2019,11,22,여러분
1199,19,2019,11,22,친선
1200,19,2019,11,22,진흙탕
1201,20,2019,11,21,수정
1202,20,2019,11,21,브라운
1203,20,2019,11,21,구매
1204,20,2019,11,21,크로우
1205,20,2019,11,21,면역
1206,20,2019,11,21,메뉴
1207,20,2019,11,21,로켓
1208,20,2019,11,21,선택
1209,20,2019,11,21,피해
1210,20,2019,11,21,일부
1211,20,2019,11,21,추가
1212,20,2019,11,21,프렌즈
1213,20,2019,11,21,오류
1214,20,2019,11,21,지원
1215,20,2019,11,21,플레이
1216,20,2019,11,21,관련
1217,20,2019,11,21,활성화
1218,20,2019,11,21,상품
1219,20,2019,11,21,기능
1220,20,2019,11,21,불길
1221,20,2019,11,21,점검
1222,20,2019,11,21,레너드
1223,20,2019,11,21,조준
1224,20,2019,11,21,안드로이드
1225,20,2019,11,21,다음
1226,20,2019,11,21,발생
1227,20,2019,11,21,공격
1228,20,2019,11,21,지속
1229,20,2019,11,21,뉴스
1230,20,2019,11,21,표시
1231,20,2019,11,21,콜라보
1232,20,2019,11,21,엠즈
1233,20,2019,11,21,조건
1234,20,2019,11,21,다른
1235,20,2019,11,21,매우
1236,20,2019,11,21,라인
1237,20,2019,11,21,레온
1238,20,2019,11,21,최소
1239,20,2019,11,21,기기
1240,20,2019,11,21,애니메이션
1241,20,2019,11,21,코인
1242,20,2019,11,21,사체
1243,20,2019,11,21,동안
1244,20,2019,11,21,대한
1245,20,2019,11,21,친구
1246,20,2019,11,21,보스
1247,20,2019,11,21,기타
1248,20,2019,11,21,업데이트
1249,20,2019,11,21,화면
1250,20,2019,11,21,문제
1251,20,2019,11,21,시간
1252,20,2019,11,21,초대
1253,20,2019,11,21,설정
1254,20,2019,11,21,사용
1255,20,2019,11,21,시각
1256,20,2019,11,21,클럽
1257,20,2019,11,21,의견
1258,20,2019,11,21,향기
1259,20,2019,11,21,트로피
1260,20,2019,11,21,범위
1261,20,2019,11,21,테이크다운
1262,20,2019,11,21,재생률
1263,20,2019,11,21,여러분
1264,20,2019,11,21,보석
1265,20,2019,11,21,메카
1266,20,2019,11,21,시도
1267,20,2019,11,21,특수
1268,20,2019,11,21,상점
1269,20,2019,11,21,실드
1270,20,2019,11,21,등장
1271,20,2019,11,21,묶음
1272,21,2019,11,7,프랭크
1273,21,2019,11,7,롤러
1274,21,2019,11,7,듀스
1275,21,2019,11,7,피해
1276,21,2019,11,7,일반
1277,21,2019,11,7,감소
1278,21,2019,11,7,파워
1279,21,2019,11,7,스타
1280,21,2019,11,7,내용
1281,21,2019,11,7,최대
1282,21,2019,11,7,각도
1283,21,2019,11,7,공격
1284,21,2019,11,7,조정
1285,21,2019,11,7,가시
1286,21,2019,11,7,밸런스
1287,21,2019,11,7,커브볼
1288,21,2019,11,7,증가
1289,21,2019,11,7,대한
1290,21,2019,11,7,사거리
1291,21,2019,11,7,의견
1292,21,2019,11,7,스파이크
1293,21,2019,11,7,리코
1294,21,2019,11,7,여러분
1295,21,2019,11,7,더블
1296,21,2019,11,7,건브렐
1297,21,2019,11,7,대릴
1298,22,2019,10,31,수정
1299,22,2019,10,31,모드
1300,22,2019,10,31,상태
1301,22,2019,10,31,연결
1302,22,2019,10,31,플레이
1303,22,2019,10,31,오류
1304,22,2019,10,31,초과
1305,22,2019,10,31,종료
1306,22,2019,10,31,이름
1307,22,2019,10,31,아군
1308,22,2019,10,31,퍼스트
1309,22,2019,10,31,파워
1310,22,2019,10,31,점검
1311,22,2019,10,31,스타
1312,22,2019,10,31,내일
1313,22,2019,10,31,경기
1314,22,2019,10,31,하루
1315,22,2019,10,31,공격
1316,22,2019,10,31,치유
1317,22,2019,10,31,타라
1318,22,2019,10,31,차감
1319,22,2019,10,31,점프
1320,22,2019,10,31,공백
1321,22,2019,10,31,통해
1322,22,2019,10,31,대한
1323,22,2019,10,31,다운
1324,22,2019,10,31,획득
1325,22,2019,10,31,순위표
1326,22,2019,10,31,문제
1327,22,2019,10,31,헤드
1328,22,2019,10,31,그림자
1329,22,2019,10,31,표기
1330,22,2019,10,31,포인트
1331,22,2019,10,31,의견
1332,22,2019,10,31,지급
1333,22,2019,10,31,플레이어
1334,22,2019,10,31,패드
1335,22,2019,10,31,회복
1336,22,2019,10,31,여러분
1337,22,2019,10,31,폭발
1338,22,2019,10,31,브롤러
1339,22,2019,10,31,매칭
1340,22,2019,10,31,특수
1341,22,2019,10,31,개선
1342,23,2019,10,24,수정
1343,23,2019,10,24,클릭
1344,23,2019,10,24,덤불
1345,23,2019,10,24,일부
1346,23,2019,10,24,오류
1347,23,2019,10,24,상품
1348,23,2019,10,24,파워
1349,23,2019,10,24,점검
1350,23,2019,10,24,스타
1351,23,2019,10,24,발생
1352,23,2019,10,24,표시
1353,23,2019,10,24,타일
1354,23,2019,10,24,대한
1355,23,2019,10,24,문제
1356,23,2019,10,24,잘못
1357,23,2019,10,24,의견
1358,23,2019,10,24,레벨
1359,23,2019,10,24,여러분
1360,23,2019,10,24,충돌
1361,23,2019,10,24,상점
1362,24,2019,10,23,지뢰
1363,24,2019,10,23,바람
1364,24,2019,10,23,페니
1365,24,2019,10,23,주머니
1366,24,2019,10,23,착지
1367,24,2019,10,23,비비
1368,24,2019,10,23,공격
1369,24,2019,10,23,조정
1370,24,2019,10,23,연막탄
1371,24,2019,10,23,레온
1372,24,2019,10,23,스핏볼
1373,24,2019,10,23,맹독
1374,24,2019,10,23,초당
1375,24,2019,10,23,은신
1376,24,2019,10,23,오라
1377,24,2019,10,23,건브렐
1378,24,2019,10,23,테라
1379,24,2019,10,23,폭발
1380,24,2019,10,23,햇살
1381,24,2019,10,23,대릴
1382,24,2019,10,23,이동
1383,24,2019,10,23,크로우
1384,24,2019,10,23,비트
1385,24,2019,10,23,상태
1386,24,2019,10,23,피해
1387,24,2019,10,23,포효
1388,24,2019,10,23,에고
1389,24,2019,10,23,감소
1390,24,2019,10,23,롤링
1391,24,2019,10,23,네이팜
1392,24,2019,10,23,지속
1393,24,2019,10,23,치유
1394,24,2019,10,23,증가
1395,24,2019,10,23,효과
1396,24,2019,10,23,사용
1397,24,2019,10,23,의견
1398,24,2019,10,23,스파이크
1399,24,2019,10,23,오토
1400,24,2019,10,23,적의
1401,24,2019,10,23,롤러
1402,24,2019,10,23,유성
1403,24,2019,10,23,일반
1404,24,2019,10,23,후프
1405,24,2019,10,23,매직
1406,24,2019,10,23,파워
1407,24,2019,10,23,여우
1408,24,2019,10,23,매틱
1409,24,2019,10,23,포코
1410,24,2019,10,23,소량
1411,24,2019,10,23,밸런스
1412,24,2019,10,23,패턴
1413,24,2019,10,23,장전
1414,24,2019,10,23,타격
1415,24,2019,10,23,동안
1416,24,2019,10,23,대한
1417,24,2019,10,23,사거리
1418,24,2019,10,23,투척
1419,24,2019,10,23,사냥
1420,24,2019,10,23,로드
1421,24,2019,10,23,여러분
1422,24,2019,10,23,특수
1423,24,2019,10,23,강철
1424,24,2019,10,23,브록
1425,24,2019,10,23,러시
1426,24,2019,10,23,스타
1427,24,2019,10,23,내용
1428,24,2019,10,23,최대
1429,24,2019,10,23,변경
1430,24,2019,10,23,미니
1431,24,2019,10,23,프리
1432,24,2019,10,23,로켓
1433,24,2019,10,23,속도
1434,24,2019,10,23,시간
1435,24,2019,10,23,모래
1436,24,2019,10,23,래스터
1437,24,2019,10,23,회복
1438,24,2019,10,23,샌디
1439,24,2019,10,23,뮤직
1440,24,2019,10,23,폭풍
1441,25,2019,10,23,금고
1442,25,2019,10,23,연쇄
1443,25,2019,10,23,기회
1444,25,2019,10,23,선택
1445,25,2019,10,23,확인
1446,25,2019,10,23,포탑
1447,25,2019,10,23,보유
1448,25,2019,10,23,사람
1449,25,2019,10,23,늑대
1450,25,2019,10,23,적용
1451,25,2019,10,23,공동묘지
1452,25,2019,10,23,발사
1453,25,2019,10,23,공격
1454,25,2019,10,23,조정
1455,25,2019,10,23,오른쪽
1456,25,2019,10,23,패배
1457,25,2019,10,23,만큼
1458,25,2019,10,23,채팅
1459,25,2019,10,23,기준
1460,25,2019,10,23,경우
1461,25,2019,10,23,레온
1462,25,2019,10,23,애니메이션
1463,25,2019,10,23,특정
1464,25,2019,10,23,숫자
1465,25,2019,10,23,완료
1466,25,2019,10,23,팩토리
1467,25,2019,10,23,능력
1468,25,2019,10,23,공중
1469,25,2019,10,23,프로필
1470,25,2019,10,23,화면
1471,25,2019,10,23,티스
1472,25,2019,10,23,포인트
1473,25,2019,10,23,향기
1474,25,2019,10,23,상단
1475,25,2019,10,23,즉시
1476,25,2019,10,23,메이킹
1477,25,2019,10,23,감사
1478,25,2019,10,23,경쟁
1479,25,2019,10,23,삼촌
1480,25,2019,10,23,팔로워
1481,25,2019,10,23,실드
1482,25,2019,10,23,개선
1483,25,2019,10,23,스킨
1484,25,2019,10,23,성적
1485,25,2019,10,23,프랭크
1486,25,2019,10,23,면역
1487,25,2019,10,23,동점
1488,25,2019,10,23,상태
1489,25,2019,10,23,피해
1490,25,2019,10,23,로윈
1491,25,2019,10,23,번개
1492,25,2019,10,23,추가
1493,25,2019,10,23,덤불
1494,25,2019,10,23,로만
1495,25,2019,10,23,장식품
1496,25,2019,10,23,모든
1497,25,2019,10,23,기능
1498,25,2019,10,23,게임
1499,25,2019,10,23,상대
1500,25,2019,10,23,다음
1501,25,2019,10,23,하루
1502,25,2019,10,23,용의
1503,25,2019,10,23,인형
1504,25,2019,10,23,지속
1505,25,2019,10,23,기사
1506,25,2019,10,23,해골
1507,25,2019,10,23,엠즈
1508,25,2019,10,23,특별
1509,25,2019,10,23,준비
1510,25,2019,10,23,증가
1511,25,2019,10,23,뿌리
1512,25,2019,10,23,터렛
1513,25,2019,10,23,획득
1514,25,2019,10,23,이상
1515,25,2019,10,23,기타
1516,25,2019,10,23,무실점
1517,25,2019,10,23,효과
1518,25,2019,10,23,사용
1519,25,2019,10,23,문제
1520,25,2019,10,23,오직
1521,25,2019,10,23,이벤트
1522,25,2019,10,23,그림자
1523,25,2019,10,23,의견
1524,25,2019,10,23,보상
1525,25,2019,10,23,트로피
1526,25,2019,10,23,범위
1527,25,2019,10,23,플레이어
1528,25,2019,10,23,분리
1529,25,2019,10,23,진행
1530,25,2019,10,23,기간
1531,25,2019,10,23,척도
1532,25,2019,10,23,상위
1533,25,2019,10,23,이번
1534,25,2019,10,23,등장
1535,25,2019,10,23,이스트
1536,25,2019,10,23,구매
1537,25,2019,10,23,쉘리
1538,25,2019,10,23,모드
1539,25,2019,10,23,진척
1540,25,2019,10,23,롤러
1541,25,2019,10,23,이해
1542,25,2019,10,23,영광
1543,25,2019,10,23,오류
1544,25,2019,10,23,종료
1545,25,2019,10,23,진정
1546,25,2019,10,23,일반
1547,25,2019,10,23,슬롯
1548,25,2019,10,23,체력
1549,25,2019,10,23,로딩
1550,25,2019,10,23,참가
1551,25,2019,10,23,파워
1552,25,2019,10,23,참가자
1553,25,2019,10,23,그녀
1554,25,2019,10,23,목표
1555,25,2019,10,23,테마
1556,25,2019,10,23,랭킹
1557,25,2019,10,23,처치
1558,25,2019,10,23,테이크
1559,25,2019,10,23,참고
1560,25,2019,10,23,주변
1561,25,2019,10,23,초기
1562,25,2019,10,23,표시
1563,25,2019,10,23,달라짐
1564,25,2019,10,23,다른
1565,25,2019,10,23,기억
1566,25,2019,10,23,밸런스
1567,25,2019,10,23,점수
1568,25,2019,10,23,사체
1569,25,2019,10,23,비속어
1570,25,2019,10,23,통해
1571,25,2019,10,23,동안
1572,25,2019,10,23,대포
1573,25,2019,10,23,대한
1574,25,2019,10,23,스타즈
1575,25,2019,10,23,달성
1576,25,2019,10,23,초대
1577,25,2019,10,23,후원
1578,25,2019,10,23,인간
1579,25,2019,10,23,흡수
1580,25,2019,10,23,태그
1581,25,2019,10,23,음성
1582,25,2019,10,23,테이크다운
1583,25,2019,10,23,시즌
1584,25,2019,10,23,바탕
1585,25,2019,10,23,여러분
1586,25,2019,10,23,무승부
1587,25,2019,10,23,무덤
1588,25,2019,10,23,친선
1589,25,2019,10,23,시작
1590,25,2019,10,23,음악
1591,25,2019,10,23,돌격
1592,25,2019,10,23,해제
1593,25,2019,10,23,특수
1594,25,2019,10,23,스프레이
1595,25,2019,10,23,매치
1596,25,2019,10,23,듀오
1597,25,2019,10,23,수정
1598,25,2019,10,23,조립
1599,25,2019,10,23,플레이
1600,25,2019,10,23,예정
1601,25,2019,10,23,바운티
1602,25,2019,10,23,제시
1603,25,2019,10,23,지기
1604,25,2019,10,23,부터
1605,25,2019,10,23,기반
1606,25,2019,10,23,스타
1607,25,2019,10,23,다시
1608,25,2019,10,23,내용
1609,25,2019,10,23,도중
1610,25,2019,10,23,최대
1611,25,2019,10,23,순위
1612,25,2019,10,23,또한
1613,25,2019,10,23,변경
1614,25,2019,10,23,파괴
1615,25,2019,10,23,할로윈
1616,25,2019,10,23,냄새
1617,25,2019,10,23,구름
1618,25,2019,10,23,레이저
1619,25,2019,10,23,브롤
1620,25,2019,10,23,다운
1621,25,2019,10,23,마녀
1622,25,2019,10,23,보스
1623,25,2019,10,23,업데이트
1624,25,2019,10,23,승리
1625,25,2019,10,23,로켓
1626,25,2019,10,23,친구
1627,25,2019,10,23,배경
1628,25,2019,10,23,필터
1629,25,2019,10,23,대상
1630,25,2019,10,23,지역
1631,25,2019,10,23,누적
1632,25,2019,10,23,근접
1633,25,2019,10,23,방법
1634,25,2019,10,23,모델링
1635,25,2019,10,23,이전
1636,25,2019,10,23,보석
1637,25,2019,10,23,브롤러
1638,25,2019,10,23,커뮤니티
1639,25,2019,10,23,헤어
1640,26,2019,10,9,카드
1641,26,2019,10,9,수정
1642,26,2019,10,9,크로우
1643,26,2019,10,9,적의
1644,26,2019,10,9,상태
1645,26,2019,10,9,롤러
1646,26,2019,10,9,피해
1647,26,2019,10,9,추가
1648,26,2019,10,9,지뢰
1649,26,2019,10,9,유성
1650,26,2019,10,9,일반
1651,26,2019,10,9,제시
1652,26,2019,10,9,러시
1653,26,2019,10,9,아군
1654,26,2019,10,9,특수
1655,26,2019,10,9,감소
1656,26,2019,10,9,파워
1657,26,2019,10,9,라이플
1658,26,2019,10,9,설치
1659,26,2019,10,9,매직
1660,26,2019,10,9,스타
1661,26,2019,10,9,내용
1662,26,2019,10,9,최대
1663,26,2019,10,9,착지
1664,26,2019,10,9,비비
1665,26,2019,10,9,공격
1666,26,2019,10,9,조정
1667,26,2019,10,9,지속
1668,26,2019,10,9,인식
1669,26,2019,10,9,치유
1670,26,2019,10,9,매복
1671,26,2019,10,9,타라
1672,26,2019,10,9,변경
1673,26,2019,10,9,영혼
1674,26,2019,10,9,다발
1675,26,2019,10,9,기준
1676,26,2019,10,9,밸런스
1677,26,2019,10,9,패턴
1678,26,2019,10,9,증가
1679,26,2019,10,9,미니
1680,26,2019,10,9,프리
1681,26,2019,10,9,맹독
1682,26,2019,10,9,터렛
1683,26,2019,10,9,공중
1684,26,2019,10,9,횟수
1685,26,2019,10,9,타격
1686,26,2019,10,9,대한
1687,26,2019,10,9,사거리
1688,26,2019,10,9,투척
1689,26,2019,10,9,포털
1690,26,2019,10,9,블랙
1691,26,2019,10,9,문제
1692,26,2019,10,9,효과
1693,26,2019,10,9,수류탄
1694,26,2019,10,9,그림자
1695,26,2019,10,9,티스
1696,26,2019,10,9,쇼크
1697,26,2019,10,9,초당
1698,26,2019,10,9,사냥
1699,26,2019,10,9,시간
1700,26,2019,10,9,의견
1701,26,2019,10,9,범위
1702,26,2019,10,9,모래
1703,26,2019,10,9,은신
1704,26,2019,10,9,충전
1705,26,2019,10,9,회복
1706,26,2019,10,9,오라
1707,26,2019,10,9,여러분
1708,26,2019,10,9,샌디
1709,26,2019,10,9,트리플
1710,26,2019,10,9,폭발
1711,26,2019,10,9,자세
1712,26,2019,10,9,단검
1713,26,2019,10,9,폭풍
1714,26,2019,10,9,타로
1715,27,2019,9,20,수정
1716,27,2019,9,20,테이크다운
1717,27,2019,9,20,모드
1718,27,2019,9,20,대한
1719,27,2019,9,20,다운
1720,27,2019,9,20,여러분
1721,27,2019,9,20,큐브
1722,27,2019,9,20,제한
1723,27,2019,9,20,파워
1724,27,2019,9,20,점검
1725,27,2019,9,20,의견
1726,27,2019,9,20,수집
1727,28,2019,9,18,확인
1728,28,2019,9,18,질주
1729,28,2019,9,18,관련
1730,28,2019,9,18,바람
1731,28,2019,9,18,가장
1732,28,2019,9,18,공격
1733,28,2019,9,18,해변
1734,28,2019,9,18,조정
1735,28,2019,9,18,대난투
1736,28,2019,9,18,오른쪽
1737,28,2019,9,18,전설
1738,28,2019,9,18,애니메이션
1739,28,2019,9,18,거나
1740,28,2019,9,18,해적
1741,28,2019,9,18,능력
1742,28,2019,9,18,초당
1743,28,2019,9,18,부족
1744,28,2019,9,18,상단
1745,28,2019,9,18,혼자
1746,28,2019,9,18,불사조
1747,28,2019,9,18,아얏
1748,28,2019,9,18,개선
1749,28,2019,9,18,스킨
1750,28,2019,9,18,크로우
1751,28,2019,9,18,비트
1752,28,2019,9,18,마법사
1753,28,2019,9,18,피해
1754,28,2019,9,18,추가
1755,28,2019,9,18,각각
1756,28,2019,9,18,모든
1757,28,2019,9,18,바캉스
1758,28,2019,9,18,상대
1759,28,2019,9,18,게임
1760,28,2019,9,18,안드로이드
1761,28,2019,9,18,돌풍
1762,28,2019,9,18,개인
1763,28,2019,9,18,치유
1764,28,2019,9,18,부스터
1765,28,2019,9,18,기기
1766,28,2019,9,18,항상
1767,28,2019,9,18,부어
1768,28,2019,9,18,획득
1769,28,2019,9,18,이상
1770,28,2019,9,18,큐브
1771,28,2019,9,18,효과
1772,28,2019,9,18,문제
1773,28,2019,9,18,기타
1774,28,2019,9,18,로보
1775,28,2019,9,18,잠꾸러기
1776,28,2019,9,18,이벤트
1777,28,2019,9,18,서로
1778,28,2019,9,18,의견
1779,28,2019,9,18,트로피
1780,28,2019,9,18,범위
1781,28,2019,9,18,플레이어
1782,28,2019,9,18,모양
1783,28,2019,9,18,마지막
1784,28,2019,9,18,도움말
1785,28,2019,9,18,진행
1786,28,2019,9,18,자갈
1787,28,2019,9,18,가장자리
1788,28,2019,9,18,자동
1789,28,2019,9,18,부활
1790,28,2019,9,18,모드
1791,28,2019,9,18,롤러
1792,28,2019,9,18,오류
1793,28,2019,9,18,일반
1794,28,2019,9,18,중앙
1795,28,2019,9,18,슬롯
1796,28,2019,9,18,아군
1797,28,2019,9,18,파워
1798,28,2019,9,18,소환
1799,28,2019,9,18,발생
1800,28,2019,9,18,참여
1801,28,2019,9,18,표시
1802,28,2019,9,18,밸런스
1803,28,2019,9,18,라이더
1804,28,2019,9,18,사체
1805,28,2019,9,18,동안
1806,28,2019,9,18,대한
1807,28,2019,9,18,달성
1808,28,2019,9,18,원호
1809,28,2019,9,18,테이크다운
1810,28,2019,9,18,여러분
1811,28,2019,9,18,해제
1812,28,2019,9,18,특수
1813,28,2019,9,18,수정
1814,28,2019,9,18,상황
1815,28,2019,9,18,고유
1816,28,2019,9,18,관통
1817,28,2019,9,18,브록
1818,28,2019,9,18,바운티
1819,28,2019,9,18,제시
1820,28,2019,9,18,지원
1821,28,2019,9,18,가지
1822,28,2019,9,18,부터
1823,28,2019,9,18,스타
1824,28,2019,9,18,분노
1825,28,2019,9,18,보너스
1826,28,2019,9,18,무작위
1827,28,2019,9,18,최대
1828,28,2019,9,18,내용
1829,28,2019,9,18,발리
1830,28,2019,9,18,규칙
1831,28,2019,9,18,변경
1832,28,2019,9,18,발동
1833,28,2019,9,18,호그
1834,28,2019,9,18,프리
1835,28,2019,9,18,수면
1836,28,2019,9,18,다운
1837,28,2019,9,18,보스
1838,28,2019,9,18,업데이트
1839,28,2019,9,18,승리
1840,28,2019,9,18,속도
1841,28,2019,9,18,아이콘
1842,28,2019,9,18,제대로
1843,28,2019,9,18,모래
1844,28,2019,9,18,리코
1845,28,2019,9,18,견제
1846,28,2019,9,18,지배
1847,28,2019,9,18,명의
1848,28,2019,9,18,방식
1849,28,2019,9,18,모델링
1850,28,2019,9,18,샌디
1851,28,2019,9,18,라이프
1852,28,2019,9,18,브롤러
1853,28,2019,9,18,폭풍
1854,29,2019,9,18,포탑
1855,29,2019,9,18,먹잇감
1856,29,2019,9,18,비비
1857,29,2019,9,18,발사
1858,29,2019,9,18,가장
1859,29,2019,9,18,공격
1860,29,2019,9,18,조정
1861,29,2019,9,18,게이지
1862,29,2019,9,18,곡괭이
1863,29,2019,9,18,레온
1864,29,2019,9,18,맹독
1865,29,2019,9,18,팩토리
1866,29,2019,9,18,메탈
1867,29,2019,9,18,초당
1868,29,2019,9,18,티스
1869,29,2019,9,18,은신
1870,29,2019,9,18,수량
1871,29,2019,9,18,스톰
1872,29,2019,9,18,테라
1873,29,2019,9,18,이동
1874,29,2019,9,18,아기
1875,29,2019,9,18,이제
1876,29,2019,9,18,가까이
1877,29,2019,9,18,글러브
1878,29,2019,9,18,크로우
1879,29,2019,9,18,비트
1880,29,2019,9,18,피해
1881,29,2019,9,18,추가
1882,29,2019,9,18,밴드
1883,29,2019,9,18,탄환
1884,29,2019,9,18,감소
1885,29,2019,9,18,게임
1886,29,2019,9,18,로사
1887,29,2019,9,18,홈런
1888,29,2019,9,18,네이팜
1889,29,2019,9,18,작동
1890,29,2019,9,18,증가
1891,29,2019,9,18,큐브
1892,29,2019,9,18,효과
1893,29,2019,9,18,의견
1894,29,2019,9,18,플레이어
1895,29,2019,9,18,알코올
1896,29,2019,9,18,오토
1897,29,2019,9,18,불협화음
1898,29,2019,9,18,부활
1899,29,2019,9,18,쉘리
1900,29,2019,9,18,적의
1901,29,2019,9,18,모드
1902,29,2019,9,18,돌진
1903,29,2019,9,18,롤러
1904,29,2019,9,18,유성
1905,29,2019,9,18,일반
1906,29,2019,9,18,파워
1907,29,2019,9,18,매틱
1908,29,2019,9,18,전속력
1909,29,2019,9,18,포코
1910,29,2019,9,18,밸런스
1911,29,2019,9,18,장전
1912,29,2019,9,18,저격
1913,29,2019,9,18,대한
1914,29,2019,9,18,대기
1915,29,2019,9,18,충전
1916,29,2019,9,18,여러분
1917,29,2019,9,18,이드
1918,29,2019,9,18,조립
1919,29,2019,9,18,브록
1920,29,2019,9,18,러시
1921,29,2019,9,18,가지
1922,29,2019,9,18,스타
1923,29,2019,9,18,멀리
1924,29,2019,9,18,내용
1925,29,2019,9,18,보너스
1926,29,2019,9,18,최대
1927,29,2019,9,18,발리
1928,29,2019,9,18,매우
1929,29,2019,9,18,가시
1930,29,2019,9,18,프리
1931,29,2019,9,18,재사용
1932,29,2019,9,18,다운
1933,29,2019,9,18,보스
1934,29,2019,9,18,로켓
1935,29,2019,9,18,속도
1936,29,2019,9,18,시간
1937,29,2019,9,18,대상
1938,29,2019,9,18,하이퍼
1939,29,2019,9,18,미사일
1940,29,2019,9,18,래스터
1941,29,2019,9,18,회복
1942,29,2019,9,18,샌디
1943,29,2019,9,18,라이프
1944,29,2019,9,18,브롤러
1945,29,2019,9,18,뮤직
1946,30,2019,9,2,진행
1947,30,2019,9,2,수정
1948,30,2019,9,2,직접
1949,30,2019,9,2,대한
1950,30,2019,9,2,안내
1951,30,2019,9,2,선택
1952,30,2019,9,2,발생
1953,30,2019,9,2,충돌
1954,30,2019,9,2,업데이트
1955,30,2019,9,2,문제
1956,30,2019,9,2,오류
1957,30,2019,9,2,여러분
1958,30,2019,9,2,변경
1959,30,2019,9,2,의견
1960,30,2019,9,2,기기
1961,30,2019,9,2,적용
1962,31,2019,9,2,수정
1963,31,2019,9,2,서버
1964,31,2019,9,2,메시지
1965,31,2019,9,2,대한
1966,31,2019,9,2,여러분
1967,31,2019,9,2,일부
1968,31,2019,9,2,문제
1969,31,2019,9,2,오류
1970,31,2019,9,2,의견
1971,31,2019,9,2,점검
1972,31,2019,9,2,기기
1973,31,2019,9,2,접속
1974,32,2019,8,30,진행
1975,32,2019,8,30,수정
1976,32,2019,8,30,직접
1977,32,2019,8,30,대한
1978,32,2019,8,30,안내
1979,32,2019,8,30,선택
1980,32,2019,8,30,발생
1981,32,2019,8,30,일부
1982,32,2019,8,30,업데이트
1983,32,2019,8,30,충돌
1984,32,2019,8,30,오류
1985,32,2019,8,30,문제
1986,32,2019,8,30,여러분
1987,32,2019,8,30,변경
1988,32,2019,8,30,의견
1989,32,2019,8,30,기기
1990,32,2019,8,30,적용
1991,33,2019,8,29,희귀
1992,33,2019,8,29,곧바로
1993,33,2019,8,29,확률
1994,33,2019,8,29,확인
1995,33,2019,8,29,콜트
1996,33,2019,8,29,보유
1997,33,2019,8,29,상품
1998,33,2019,8,29,페니
1999,33,2019,8,29,피해량
2000,33,2019,8,29,한여름
2001,33,2019,8,29,적용
2002,33,2019,8,29,스트레이트
2003,33,2019,8,29,폐허
2004,33,2019,8,29,상자
2005,33,2019,8,29,사원
2006,33,2019,8,29,비비
2007,33,2019,8,29,공격
2008,33,2019,8,29,해변
2009,33,2019,8,29,게이지
2010,33,2019,8,29,예시
2011,33,2019,8,29,조정
2012,33,2019,8,29,기준
2013,33,2019,8,29,경우
2014,33,2019,8,29,레온
2015,33,2019,8,29,애니메이션
2016,33,2019,8,29,마일
2017,33,2019,8,29,특정
2018,33,2019,8,29,거나
2019,33,2019,8,29,불모
2020,33,2019,8,29,팩토리
2021,33,2019,8,29,공중
2022,33,2019,8,29,삭제
2023,33,2019,8,29,니키
2024,33,2019,8,29,화면
2025,33,2019,8,29,티스
2026,33,2019,8,29,탭하
2027,33,2019,8,29,포인트
2028,33,2019,8,29,즉시
2029,33,2019,8,29,실험실
2030,33,2019,8,29,알림
2031,33,2019,8,29,마찬가지
2032,33,2019,8,29,폭발
2033,33,2019,8,29,이동
2034,33,2019,8,29,코스
2035,33,2019,8,29,사이드
2036,33,2019,8,29,이제
2037,33,2019,8,29,연사
2038,33,2019,8,29,변화
2039,33,2019,8,29,개선
2040,33,2019,8,29,스킨
2041,33,2019,8,29,장애물
2042,33,2019,8,29,도달
2043,33,2019,8,29,비트
2044,33,2019,8,29,피해
2045,33,2019,8,29,덤불
2046,33,2019,8,29,추가
2047,33,2019,8,29,핀홀
2048,33,2019,8,29,공개
2049,33,2019,8,29,랭크
2050,33,2019,8,29,소급
2051,33,2019,8,29,모든
2052,33,2019,8,29,교차로
2053,33,2019,8,29,현재
2054,33,2019,8,29,호수
2055,33,2019,8,29,게임
2056,33,2019,8,29,메일
2057,33,2019,8,29,다음
2058,33,2019,8,29,홈런
2059,33,2019,8,29,증폭
2060,33,2019,8,29,해골
2061,33,2019,8,29,클래식
2062,33,2019,8,29,부스터
2063,33,2019,8,29,증가
2064,33,2019,8,29,정보
2065,33,2019,8,29,터렛
2066,33,2019,8,29,로봇
2067,33,2019,8,29,획득
2068,33,2019,8,29,기타
2069,33,2019,8,29,효과
2070,33,2019,8,29,토끼
2071,33,2019,8,29,큐브
2072,33,2019,8,29,해당
2073,33,2019,8,29,이벤트
2074,33,2019,8,29,사용
2075,33,2019,8,29,문제
2076,33,2019,8,29,클럽
2077,33,2019,8,29,의견
2078,33,2019,8,29,보상
2079,33,2019,8,29,트로피
2080,33,2019,8,29,범위
2081,33,2019,8,29,지급
2082,33,2019,8,29,플레이어
2083,33,2019,8,29,마지막
2084,33,2019,8,29,진행
2085,33,2019,8,29,기간
2086,33,2019,8,29,플러시
2087,33,2019,8,29,토큰
2088,33,2019,8,29,이번
2089,33,2019,8,29,부활
2090,33,2019,8,29,등장
2091,33,2019,8,29,이스트
2092,33,2019,8,29,제외
2093,33,2019,8,29,모드
2094,33,2019,8,29,진척
2095,33,2019,8,29,사장
2096,33,2019,8,29,롤러
2097,33,2019,8,29,황량
2098,33,2019,8,29,종료
2099,33,2019,8,29,일반
2100,33,2019,8,29,슬롯
2101,33,2019,8,29,오류
2102,33,2019,8,29,아군
2103,33,2019,8,29,퍼스트
2104,33,2019,8,29,파워
2105,33,2019,8,29,소환
2106,33,2019,8,29,경기장
2107,33,2019,8,29,적군
2108,33,2019,8,29,최고
2109,33,2019,8,29,처치
2110,33,2019,8,29,발생
2111,33,2019,8,29,머리
2112,33,2019,8,29,시점
2113,33,2019,8,29,표시
2114,33,2019,8,29,초기
2115,33,2019,8,29,방문
2116,33,2019,8,29,밸런스
2117,33,2019,8,29,통해
2118,33,2019,8,29,동안
2119,33,2019,8,29,대한
2120,33,2019,8,29,사거리
2121,33,2019,8,29,야구
2122,33,2019,8,29,달성
2123,33,2019,8,29,가득
2124,33,2019,8,29,로얄
2125,33,2019,8,29,시즌
2126,33,2019,8,29,여러분
2127,33,2019,8,29,기존
2128,33,2019,8,29,시도
2129,33,2019,8,29,특수
2130,33,2019,8,29,이후
2131,33,2019,8,29,핑크
2132,33,2019,8,29,상점
2133,33,2019,8,29,추석
2134,33,2019,8,29,중거리
2135,33,2019,8,29,수정
2136,33,2019,8,29,대형
2137,33,2019,8,29,황무지
2138,33,2019,8,29,조립
2139,33,2019,8,29,플레이
2140,33,2019,8,29,사항
2141,33,2019,8,29,예정
2142,33,2019,8,29,바운티
2143,33,2019,8,29,무료
2144,33,2019,8,29,설치
2145,33,2019,8,29,스타
2146,33,2019,8,29,분노
2147,33,2019,8,29,아이리스
2148,33,2019,8,29,스토리
2149,33,2019,8,29,보너스
2150,33,2019,8,29,내용
2151,33,2019,8,29,무성
2152,33,2019,8,29,타라
2153,33,2019,8,29,변경
2154,33,2019,8,29,오아시스
2155,33,2019,8,29,라인
2156,33,2019,8,29,상어
2157,33,2019,8,29,만날
2158,33,2019,8,29,재사용
2159,33,2019,8,29,천국
2160,33,2019,8,29,스톤
2161,33,2019,8,29,브롤
2162,33,2019,8,29,다운
2163,33,2019,8,29,업데이트
2164,33,2019,8,29,헤드
2165,33,2019,8,29,가능
2166,33,2019,8,29,시간
2167,33,2019,8,29,모두
2168,33,2019,8,29,일사병
2169,33,2019,8,29,대상
2170,33,2019,8,29,아이콘
2171,33,2019,8,29,모래
2172,33,2019,8,29,근접
2173,33,2019,8,29,스페셜
2174,33,2019,8,29,은색
2175,33,2019,8,29,래스터
2176,33,2019,8,29,대체
2177,33,2019,8,29,필드
2178,33,2019,8,29,모델링
2179,33,2019,8,29,이전
2180,33,2019,8,29,라이프
2181,33,2019,8,29,브롤러
2182,33,2019,8,29,보석
2183,33,2019,8,29,태풍
2184,33,2019,8,29,매그넘
2185,33,2019,8,29,정상
2186,33,2019,8,29,방망이
2187,33,2019,8,29,골대
2188,34,2019,8,29,콜트
2189,34,2019,8,29,지뢰
2190,34,2019,8,29,치가
2191,34,2019,8,29,피해량
2192,34,2019,8,29,비비
2193,34,2019,8,29,발사
2194,34,2019,8,29,공격
2195,34,2019,8,29,조정
2196,34,2019,8,29,매복
2197,34,2019,8,29,곡괭이
2198,34,2019,8,29,명칭
2199,34,2019,8,29,레온
2200,34,2019,8,29,초당
2201,34,2019,8,29,가시거리
2202,34,2019,8,29,블랙
2203,34,2019,8,29,티스
2204,34,2019,8,29,진의
2205,34,2019,8,29,보이
2206,34,2019,8,29,따귀
2207,34,2019,8,29,은신
2208,34,2019,8,29,피루엣
2209,34,2019,8,29,독수리
2210,34,2019,8,29,엄마
2211,34,2019,8,29,햇살
2212,34,2019,8,29,폭발
2213,34,2019,8,29,자세
2214,34,2019,8,29,대릴
2215,34,2019,8,29,이동
2216,34,2019,8,29,이제
2217,34,2019,8,29,프랭크
2218,34,2019,8,29,산탄총
2219,34,2019,8,29,상태
2220,34,2019,8,29,피해
2221,34,2019,8,29,추가
2222,34,2019,8,29,에고
2223,34,2019,8,29,각각
2224,34,2019,8,29,밴드
2225,34,2019,8,29,탄환
2226,34,2019,8,29,감소
2227,34,2019,8,29,스피드
2228,34,2019,8,29,로사
2229,34,2019,8,29,네이팜
2230,34,2019,8,29,치유
2231,34,2019,8,29,압박
2232,34,2019,8,29,영혼
2233,34,2019,8,29,증가
2234,34,2019,8,29,효과
2235,34,2019,8,29,문제
2236,34,2019,8,29,그림자
2237,34,2019,8,29,의견
2238,34,2019,8,29,스파이크
2239,34,2019,8,29,범위
2240,34,2019,8,29,총열
2241,34,2019,8,29,불협화음
2242,34,2019,8,29,거리
2243,34,2019,8,29,치인
2244,34,2019,8,29,쉘리
2245,34,2019,8,29,돌진
2246,34,2019,8,29,롤러
2247,34,2019,8,29,일반
2248,34,2019,8,29,중앙
2249,34,2019,8,29,스펀지
2250,34,2019,8,29,아군
2251,34,2019,8,29,후프
2252,34,2019,8,29,파워
2253,34,2019,8,29,전속력
2254,34,2019,8,29,포코
2255,34,2019,8,29,밸런스
2256,34,2019,8,29,장전
2257,34,2019,8,29,보호
2258,34,2019,8,29,사체
2259,34,2019,8,29,타격
2260,34,2019,8,29,저격
2261,34,2019,8,29,대한
2262,34,2019,8,29,이중
2263,34,2019,8,29,충전
2264,34,2019,8,29,여러분
2265,34,2019,8,29,특수
2266,34,2019,8,29,강철
2267,34,2019,8,29,수정
2268,34,2019,8,29,이드
2269,34,2019,8,29,브록
2270,34,2019,8,29,격려
2271,34,2019,8,29,스타
2272,34,2019,8,29,내용
2273,34,2019,8,29,최대
2274,34,2019,8,29,부츠
2275,34,2019,8,29,타라
2276,34,2019,8,29,변경
2277,34,2019,8,29,미니
2278,34,2019,8,29,프리
2279,34,2019,8,29,타일
2280,34,2019,8,29,형태
2281,34,2019,8,29,로켓
2282,34,2019,8,29,포털
2283,34,2019,8,29,속도
2284,34,2019,8,29,회복
2285,34,2019,8,29,포옹
2286,34,2019,8,29,폭풍
2287,35,2019,7,3,즉각
2288,35,2019,7,3,난이도
2289,35,2019,7,3,구매
2290,35,2019,7,3,진척
2291,35,2019,7,3,체계
2292,35,2019,7,3,전달
2293,35,2019,7,3,확인
2294,35,2019,7,3,롤러
2295,35,2019,7,3,플레이
2296,35,2019,7,3,종료
2297,35,2019,7,3,관련
2298,35,2019,7,3,모든
2299,35,2019,7,3,차근차근
2300,35,2019,7,3,여기
2301,35,2019,7,3,오늘
2302,35,2019,7,3,계속
2303,35,2019,7,3,생각
2304,35,2019,7,3,스타
2305,35,2019,7,3,내용
2306,35,2019,7,3,다음
2307,35,2019,7,3,조정
2308,35,2019,7,3,저희
2309,35,2019,7,3,동의
2310,35,2019,7,3,또한
2311,35,2019,7,3,매우
2312,35,2019,7,3,특별
2313,35,2019,7,3,관심
2314,35,2019,7,3,그동안
2315,35,2019,7,3,밸런스
2316,35,2019,7,3,과정
2317,35,2019,7,3,해결
2318,35,2019,7,3,통해
2319,35,2019,7,3,아이템
2320,35,2019,7,3,피드백
2321,35,2019,7,3,대한
2322,35,2019,7,3,사과
2323,35,2019,7,3,브롤
2324,35,2019,7,3,업데이트
2325,35,2019,7,3,스타즈
2326,35,2019,7,3,달성
2327,35,2019,7,3,모두
2328,35,2019,7,3,포인트
2329,35,2019,7,3,전반
2330,35,2019,7,3,의견
2331,35,2019,7,3,보상
2332,35,2019,7,3,트로피
2333,35,2019,7,3,마지막
2334,35,2019,7,3,대해
2335,35,2019,7,3,시스템
2336,35,2019,7,3,진행
2337,35,2019,7,3,시즌
2338,35,2019,7,3,여러분
2339,35,2019,7,3,더욱
2340,35,2019,7,3,토큰
2341,35,2019,7,3,브롤러
2342,35,2019,7,3,이번
2343,35,2019,7,3,마련
2344,35,2019,7,3,이제
2345,35,2019,7,3,이후
2346,35,2019,7,3,인지
2347,35,2019,7,3,개선
2348,36,2019,6,27,수정
2349,36,2019,6,27,구매
2350,36,2019,6,27,크로우
2351,36,2019,6,27,수리
2352,36,2019,6,27,모드
2353,36,2019,6,27,피해
2354,36,2019,6,27,선택
2355,36,2019,6,27,바운티
2356,36,2019,6,27,모든
2357,36,2019,6,27,예정
2358,36,2019,6,27,퍼스트
2359,36,2019,6,27,관련
2360,36,2019,6,27,파워
2361,36,2019,6,27,점검
2362,36,2019,6,27,스타
2363,36,2019,6,27,게임
2364,36,2019,6,27,적용
2365,36,2019,6,27,다시
2366,36,2019,6,27,처치
2367,36,2019,6,27,공격
2368,36,2019,6,27,지속
2369,36,2019,6,27,표시
2370,36,2019,6,27,금액
2371,36,2019,6,27,차감
2372,36,2019,6,27,구름
2373,36,2019,6,27,대한
2374,36,2019,6,27,획득
2375,36,2019,6,27,문제
2376,36,2019,6,27,효과
2377,36,2019,6,27,헤드
2378,36,2019,6,27,버섯
2379,36,2019,6,27,회수
2380,36,2019,6,27,팝업
2381,36,2019,6,27,해당
2382,36,2019,6,27,업데이트
2383,36,2019,6,27,포인트
2384,36,2019,6,27,잘못
2385,36,2019,6,27,로그인
2386,36,2019,6,27,셀프
2387,36,2019,6,27,의견
2388,36,2019,6,27,플레이어
2389,36,2019,6,27,지급
2390,36,2019,6,27,보이지
2391,36,2019,6,27,회복
2392,36,2019,6,27,여러분
2393,36,2019,6,27,친선
2394,36,2019,6,27,특수
2395,36,2019,6,27,상점
2396,36,2019,6,27,스킨
2397,37,2019,6,27,햇빛
2398,37,2019,6,27,선택
2399,37,2019,6,27,확인
2400,37,2019,6,27,콜트
2401,37,2019,6,27,지뢰
2402,37,2019,6,27,질주
2403,37,2019,6,27,대치
2404,37,2019,6,27,방망이
2405,37,2019,6,27,상품
2406,37,2019,6,27,채널
2407,37,2019,6,27,관련
2408,37,2019,6,27,유독
2409,37,2019,6,27,페니
2410,37,2019,6,27,피해량
2411,37,2019,6,27,한여름
2412,37,2019,6,27,먹잇감
2413,37,2019,6,27,단장
2414,37,2019,6,27,공장
2415,37,2019,6,27,지하
2416,37,2019,6,27,비비
2417,37,2019,6,27,상자
2418,37,2019,6,27,발사
2419,37,2019,6,27,골드
2420,37,2019,6,27,공격
2421,37,2019,6,27,게이지
2422,37,2019,6,27,해변
2423,37,2019,6,27,다운
2424,37,2019,6,27,조정
2425,37,2019,6,27,광산
2426,37,2019,6,27,차원
2427,37,2019,6,27,레온
2428,37,2019,6,27,경우
2429,37,2019,6,27,애니메이션
2430,37,2019,6,27,공중
2431,37,2019,6,27,팩토리
2432,37,2019,6,27,요새
2433,37,2019,6,27,삭제
2434,37,2019,6,27,화면
2435,37,2019,6,27,초당
2436,37,2019,6,27,니키
2437,37,2019,6,27,티스
2438,37,2019,6,27,수도
2439,37,2019,6,27,포인트
2440,37,2019,6,27,포크
2441,37,2019,6,27,셀프
2442,37,2019,6,27,통로
2443,37,2019,6,27,즉시
2444,37,2019,6,27,실험실
2445,37,2019,6,27,은신
2446,37,2019,6,27,영향
2447,37,2019,6,27,피루엣
2448,37,2019,6,27,엄마
2449,37,2019,6,27,기절
2450,37,2019,6,27,폭발
2451,37,2019,6,27,마이크
2452,37,2019,6,27,자세
2453,37,2019,6,27,대릴
2454,37,2019,6,27,이동
2455,37,2019,6,27,아기
2456,37,2019,6,27,평소
2457,37,2019,6,27,글러브
2458,37,2019,6,27,실드
2459,37,2019,6,27,개선
2460,37,2019,6,27,스킨
2461,37,2019,6,27,크로우
2462,37,2019,6,27,프랭크
2463,37,2019,6,27,상태
2464,37,2019,6,27,피해
2465,37,2019,6,27,갱도
2466,37,2019,6,27,배럴
2467,37,2019,6,27,랭크
2468,37,2019,6,27,추가
2469,37,2019,6,27,공개
2470,37,2019,6,27,밴드
2471,37,2019,6,27,이하
2472,37,2019,6,27,모든
2473,37,2019,6,27,쇼키
2474,37,2019,6,27,탄환
2475,37,2019,6,27,기능
2476,37,2019,6,27,감소
2477,37,2019,6,27,롤링
2478,37,2019,6,27,소급
2479,37,2019,6,27,라이트
2480,37,2019,6,27,얼굴
2481,37,2019,6,27,침수
2482,37,2019,6,27,각도
2483,37,2019,6,27,로사
2484,37,2019,6,27,홈런
2485,37,2019,6,27,개인
2486,37,2019,6,27,치유
2487,37,2019,6,27,불길
2488,37,2019,6,27,압박
2489,37,2019,6,27,다리
2490,37,2019,6,27,특별
2491,37,2019,6,27,증가
2492,37,2019,6,27,정보
2493,37,2019,6,27,터렛
2494,37,2019,6,27,로봇
2495,37,2019,6,27,이상
2496,37,2019,6,27,사용
2497,37,2019,6,27,문제
2498,37,2019,6,27,인스타그램
2499,37,2019,6,27,이벤트
2500,37,2019,6,27,그림자
2501,37,2019,6,27,로보
2502,37,2019,6,27,의견
2503,37,2019,6,27,보상
2504,37,2019,6,27,트로피
2505,37,2019,6,27,범위
2506,37,2019,6,27,스파이크
2507,37,2019,6,27,분리
2508,37,2019,6,27,알코올
2509,37,2019,6,27,오토
2510,37,2019,6,27,에너지
2511,37,2019,6,27,지급
2512,37,2019,6,27,진행
2513,37,2019,6,27,비치
2514,37,2019,6,27,기간
2515,37,2019,6,27,자주
2516,37,2019,6,27,불협화음
2517,37,2019,6,27,자동
2518,37,2019,6,27,펀치
2519,37,2019,6,27,순간
2520,37,2019,6,27,이스트
2521,37,2019,6,27,쉘리
2522,37,2019,6,27,구매
2523,37,2019,6,27,적의
2524,37,2019,6,27,수리
2525,37,2019,6,27,진척
2526,37,2019,6,27,돌진
2527,37,2019,6,27,롤러
2528,37,2019,6,27,사장
2529,37,2019,6,27,페이스북
2530,37,2019,6,27,유성
2531,37,2019,6,27,종료
2532,37,2019,6,27,일반
2533,37,2019,6,27,오류
2534,37,2019,6,27,스펀지
2535,37,2019,6,27,퍼스트
2536,37,2019,6,27,생기며
2537,37,2019,6,27,아군
2538,37,2019,6,27,파워
2539,37,2019,6,27,소환
2540,37,2019,6,27,명중
2541,37,2019,6,27,매틱
2542,37,2019,6,27,호기
2543,37,2019,6,27,전속력
2544,37,2019,6,27,테마
2545,37,2019,6,27,나이트
2546,37,2019,6,27,머리
2547,37,2019,6,27,포코
2548,37,2019,6,27,시점
2549,37,2019,6,27,표시
2550,37,2019,6,27,다발
2551,37,2019,6,27,다른
2552,37,2019,6,27,계곡
2553,37,2019,6,27,밸런스
2554,37,2019,6,27,장전
2555,37,2019,6,27,보호
2556,37,2019,6,27,사체
2557,37,2019,6,27,타격
2558,37,2019,6,27,저격
2559,37,2019,6,27,아이템
2560,37,2019,6,27,동안
2561,37,2019,6,27,대포
2562,37,2019,6,27,대한
2563,37,2019,6,27,대기
2564,37,2019,6,27,사거리
2565,37,2019,6,27,터프
2566,37,2019,6,27,폭탄
2567,37,2019,6,27,당한
2568,37,2019,6,27,야구
2569,37,2019,6,27,가득
2570,37,2019,6,27,사냥
2571,37,2019,6,27,트위스트
2572,37,2019,6,27,로드
2573,37,2019,6,27,음성
2574,37,2019,6,27,바위
2575,37,2019,6,27,진흙탕
2576,37,2019,6,27,시즌
2577,37,2019,6,27,바탕
2578,37,2019,6,27,충전
2579,37,2019,6,27,여러분
2580,37,2019,6,27,하나
2581,37,2019,6,27,메인
2582,37,2019,6,27,음악
2583,37,2019,6,27,눈동자
2584,37,2019,6,27,튕겨
2585,37,2019,6,27,폭파
2586,37,2019,6,27,특수
2587,37,2019,6,27,상점
2588,37,2019,6,27,포물선
2589,37,2019,6,27,매치
2590,37,2019,6,27,수정
2591,37,2019,6,27,이드
2592,37,2019,6,27,지점
2593,37,2019,6,27,적중
2594,37,2019,6,27,재화
2595,37,2019,6,27,사항
2596,37,2019,6,27,브록
2597,37,2019,6,27,예정
2598,37,2019,6,27,제시
2599,37,2019,6,27,러시
2600,37,2019,6,27,바운티
2601,37,2019,6,27,격려
2602,37,2019,6,27,핀홀
2603,37,2019,6,27,스타
2604,37,2019,6,27,감자
2605,37,2019,6,27,내용
2606,37,2019,6,27,발리
2607,37,2019,6,27,유도
2608,37,2019,6,27,공식
2609,37,2019,6,27,타라
2610,37,2019,6,27,여름
2611,37,2019,6,27,파괴
2612,37,2019,6,27,가시
2613,37,2019,6,27,또한
2614,37,2019,6,27,라인
2615,37,2019,6,27,변경
2616,37,2019,6,27,미니
2617,37,2019,6,27,자신
2618,37,2019,6,27,재사용
2619,37,2019,6,27,프리
2620,37,2019,6,27,추적
2621,37,2019,6,27,브롤
2622,37,2019,6,27,커브
2623,37,2019,6,27,로켓
2624,37,2019,6,27,동굴
2625,37,2019,6,27,업데이트
2626,37,2019,6,27,헤드
2627,37,2019,6,27,아웃
2628,37,2019,6,27,시간
2629,37,2019,6,27,속도
2630,37,2019,6,27,전환
2631,37,2019,6,27,일사병
2632,37,2019,6,27,무법자
2633,37,2019,6,27,불펜
2634,37,2019,6,27,배경
2635,37,2019,6,27,불의
2636,37,2019,6,27,모래
2637,37,2019,6,27,대운하
2638,37,2019,6,27,하이퍼
2639,37,2019,6,27,스페셜
2640,37,2019,6,27,리코
2641,37,2019,6,27,일정
2642,37,2019,6,27,맞이
2643,37,2019,6,27,포함
2644,37,2019,6,27,시대
2645,37,2019,6,27,필드
2646,37,2019,6,27,회복
2647,37,2019,6,27,불꽃
2648,37,2019,6,27,모델링
2649,37,2019,6,27,명의
2650,37,2019,6,27,보석
2651,37,2019,6,27,브롤러
2652,37,2019,6,27,매그넘
2653,37,2019,6,27,메카
2654,37,2019,6,27,폭풍
2655,37,2019,6,27,스파링
2656,38,2019,6,27,이스트
2657,38,2019,6,27,금고
2658,38,2019,6,27,모드
2659,38,2019,6,27,롤러
2660,38,2019,6,27,플레이
2661,38,2019,6,27,종료
2662,38,2019,6,27,체력
2663,38,2019,6,27,감소
2664,38,2019,6,27,파워
2665,38,2019,6,27,페니
2666,38,2019,6,27,스타
2667,38,2019,6,27,게임
2668,38,2019,6,27,내용
2669,38,2019,6,27,최대
2670,38,2019,6,27,조정
2671,38,2019,6,27,변경
2672,38,2019,6,27,파괴
2673,38,2019,6,27,다른
2674,38,2019,6,27,이상인
2675,38,2019,6,27,고려
2676,38,2019,6,27,밸런스
2677,38,2019,6,27,증가
2678,38,2019,6,27,팩토리
2679,38,2019,6,27,대포
2680,38,2019,6,27,대한
2681,38,2019,6,27,획득
2682,38,2019,6,27,폭탄
2683,38,2019,6,27,시간
2684,38,2019,6,27,평균
2685,38,2019,6,27,포인트
2686,38,2019,6,27,의견
2687,38,2019,6,27,보상
2688,38,2019,6,27,트로피
2689,38,2019,6,27,마지막
2690,38,2019,6,27,시즌
2691,38,2019,6,27,여러분
2692,38,2019,6,27,토큰
2693,38,2019,6,27,브롤러
2694,39,2019,6,11,로우
2695,39,2019,6,11,페니
2696,39,2019,6,11,적용
2697,39,2019,6,11,비비
2698,39,2019,6,11,공격
2699,39,2019,6,11,조정
2700,39,2019,6,11,게이지
2701,39,2019,6,11,광산
2702,39,2019,6,11,곡괭이
2703,39,2019,6,11,스핏볼
2704,39,2019,6,11,티스
2705,39,2019,6,11,주먹
2706,39,2019,6,11,조금
2707,39,2019,6,11,독수리
2708,39,2019,6,11,마이크
2709,39,2019,6,11,대릴
2710,39,2019,6,11,이동
2711,39,2019,6,11,직전
2712,39,2019,6,11,프랭크
2713,39,2019,6,11,피해
2714,39,2019,6,11,배럴
2715,39,2019,6,11,추가
2716,39,2019,6,11,감소
2717,39,2019,6,11,화살
2718,39,2019,6,11,상대
2719,39,2019,6,11,게임
2720,39,2019,6,11,다음
2721,39,2019,6,11,로사
2722,39,2019,6,11,홈런
2723,39,2019,6,11,지속
2724,39,2019,6,11,열차
2725,39,2019,6,11,차기
2726,39,2019,6,11,증가
2727,39,2019,6,11,횟수
2728,39,2019,6,11,차도
2729,39,2019,6,11,방해
2730,39,2019,6,11,효과
2731,39,2019,6,11,문제
2732,39,2019,6,11,해당
2733,39,2019,6,11,쇼크
2734,39,2019,6,11,의견
2735,39,2019,6,11,마지막
2736,39,2019,6,11,공이
2737,39,2019,6,11,달리
2738,39,2019,6,11,자동
2739,39,2019,6,11,간격
2740,39,2019,6,11,쉘리
2741,39,2019,6,11,모드
2742,39,2019,6,11,롤러
2743,39,2019,6,11,일반
2744,39,2019,6,11,후프
2745,39,2019,6,11,매직
2746,39,2019,6,11,파워
2747,39,2019,6,11,여우
2748,39,2019,6,11,피디
2749,39,2019,6,11,핸드
2750,39,2019,6,11,소량
2751,39,2019,6,11,밸런스
2752,39,2019,6,11,장전
2753,39,2019,6,11,대한
2754,39,2019,6,11,사거리
2755,39,2019,6,11,광기
2756,39,2019,6,11,배차
2757,39,2019,6,11,사냥
2758,39,2019,6,11,충전
2759,39,2019,6,11,여러분
2760,39,2019,6,11,친선
2761,39,2019,6,11,튕겨
2762,39,2019,6,11,특수
2763,39,2019,6,11,강철
2764,39,2019,6,11,소모
2765,39,2019,6,11,수정
2766,39,2019,6,11,적중
2767,39,2019,6,11,예정
2768,39,2019,6,11,스타
2769,39,2019,6,11,내용
2770,39,2019,6,11,무작위
2771,39,2019,6,11,변경
2772,39,2019,6,11,파괴
2773,39,2019,6,11,통탄
2774,39,2019,6,11,트릭
2775,39,2019,6,11,타일
2776,39,2019,6,11,브롤
2777,39,2019,6,11,아웃
2778,39,2019,6,11,업데이트
2779,39,2019,6,11,스윙
2780,39,2019,6,11,속도
2781,39,2019,6,11,시간
2782,39,2019,6,11,대상
2783,39,2019,6,11,슈퍼
2784,39,2019,6,11,리코
2785,39,2019,6,11,회복
2786,39,2019,6,11,브롤러
2787,40,2019,5,29,수정
2788,40,2019,5,29,일반
2789,40,2019,5,29,활성화
2790,40,2019,5,29,기능
2791,40,2019,5,29,점검
2792,40,2019,5,29,메일
2793,40,2019,5,29,비비
2794,40,2019,5,29,공격
2795,40,2019,5,29,변경
2796,40,2019,5,29,타격
2797,40,2019,5,29,동안
2798,40,2019,5,29,삼진
2799,40,2019,5,29,대한
2800,40,2019,5,29,아웃
2801,40,2019,5,29,문제
2802,40,2019,5,29,사용
2803,40,2019,5,29,클럽
2804,40,2019,5,29,의견
2805,40,2019,5,29,범위
2806,40,2019,5,29,여러분
2807,40,2019,5,29,대릴
2808,40,2019,5,29,특수
2809,40,2019,5,29,개선
2810,41,2019,5,21,레트로
2811,41,2019,5,21,햇빛
2812,41,2019,5,21,피트
2813,41,2019,5,21,확인
2814,41,2019,5,21,질주
2815,41,2019,5,21,관련
2816,41,2019,5,21,트랩
2817,41,2019,5,21,영웅
2818,41,2019,5,21,런칭
2819,41,2019,5,21,풍선껌
2820,41,2019,5,21,적용
2821,41,2019,5,21,비비
2822,41,2019,5,21,공격
2823,41,2019,5,21,게이지
2824,41,2019,5,21,조정
2825,41,2019,5,21,오디오
2826,41,2019,5,21,스핏볼
2827,41,2019,5,21,삭제
2828,41,2019,5,21,화면
2829,41,2019,5,21,소프트
2830,41,2019,5,21,은신
2831,41,2019,5,21,지름길
2832,41,2019,5,21,기념
2833,41,2019,5,21,판타지
2834,41,2019,5,21,체험
2835,41,2019,5,21,이동
2836,41,2019,5,21,사이드
2837,41,2019,5,21,개선
2838,41,2019,5,21,스킨
2839,41,2019,5,21,상태
2840,41,2019,5,21,피해
2841,41,2019,5,21,일부
2842,41,2019,5,21,추가
2843,41,2019,5,21,공개
2844,41,2019,5,21,탄환
2845,41,2019,5,21,기능
2846,41,2019,5,21,롤링
2847,41,2019,5,21,메일
2848,41,2019,5,21,홈런
2849,41,2019,5,21,로사
2850,41,2019,5,21,개인
2851,41,2019,5,21,핫휠
2852,41,2019,5,21,다리
2853,41,2019,5,21,스톱
2854,41,2019,5,21,증가
2855,41,2019,5,21,대표
2856,41,2019,5,21,점프
2857,41,2019,5,21,메이플
2858,41,2019,5,21,사용
2859,41,2019,5,21,문제
2860,41,2019,5,21,이벤트
2861,41,2019,5,21,급속
2862,41,2019,5,21,클럽
2863,41,2019,5,21,의견
2864,41,2019,5,21,플레이어
2865,41,2019,5,21,탈출
2866,41,2019,5,21,럼블
2867,41,2019,5,21,향상
2868,41,2019,5,21,진행
2869,41,2019,5,21,패드
2870,41,2019,5,21,사이
2871,41,2019,5,21,스퀘어
2872,41,2019,5,21,이스트
2873,41,2019,5,21,메뉴
2874,41,2019,5,21,슈퍼셀
2875,41,2019,5,21,롤러
2876,41,2019,5,21,오류
2877,41,2019,5,21,일반
2878,41,2019,5,21,파워
2879,41,2019,5,21,테마
2880,41,2019,5,21,폴리스
2881,41,2019,5,21,코너
2882,41,2019,5,21,표시
2883,41,2019,5,21,점핑
2884,41,2019,5,21,밸런스
2885,41,2019,5,21,아래
2886,41,2019,5,21,대한
2887,41,2019,5,21,이중
2888,41,2019,5,21,분열
2889,41,2019,5,21,에코
2890,41,2019,5,21,가득
2891,41,2019,5,21,레이어
2892,41,2019,5,21,음성
2893,41,2019,5,21,바탕
2894,41,2019,5,21,플라잉
2895,41,2019,5,21,여러분
2896,41,2019,5,21,음악
2897,41,2019,5,21,특수
2898,41,2019,5,21,캐나다
2899,41,2019,5,21,멤버
2900,41,2019,5,21,수정
2901,41,2019,5,21,사항
2902,41,2019,5,21,브록
2903,41,2019,5,21,바운티
2904,41,2019,5,21,예정
2905,41,2019,5,21,곡선
2906,41,2019,5,21,통통
2907,41,2019,5,21,스타
2908,41,2019,5,21,분노
2909,41,2019,5,21,스토리
2910,41,2019,5,21,내용
2911,41,2019,5,21,물속
2912,41,2019,5,21,케이스
2913,41,2019,5,21,발리
2914,41,2019,5,21,변경
2915,41,2019,5,21,삼진
2916,41,2019,5,21,주년
2917,41,2019,5,21,아웃
2918,41,2019,5,21,깜짝
2919,41,2019,5,21,업데이트
2920,41,2019,5,21,스윙
2921,41,2019,5,21,속도
2922,41,2019,5,21,배경
2923,41,2019,5,21,전투
2924,41,2019,5,21,지역
2925,41,2019,5,21,제대로
2926,41,2019,5,21,파이
2927,41,2019,5,21,커뮤니티
2928,41,2019,5,21,미스
2929,41,2019,5,21,케이크
2930,42,2019,5,21,프랭크
2931,42,2019,5,21,조립
2932,42,2019,5,21,포탑
2933,42,2019,5,21,일반
2934,42,2019,5,21,감소
2935,42,2019,5,21,파워
2936,42,2019,5,21,회전
2937,42,2019,5,21,스타
2938,42,2019,5,21,적용
2939,42,2019,5,21,실제
2940,42,2019,5,21,내용
2941,42,2019,5,21,도중
2942,42,2019,5,21,조준
2943,42,2019,5,21,로사
2944,42,2019,5,21,공격
2945,42,2019,5,21,조정
2946,42,2019,5,21,지속
2947,42,2019,5,21,변경
2948,42,2019,5,21,곡괭이
2949,42,2019,5,21,밸런스
2950,42,2019,5,21,증가
2951,42,2019,5,21,장전
2952,42,2019,5,21,타격
2953,42,2019,5,21,횟수
2954,42,2019,5,21,대한
2955,42,2019,5,21,초당
2956,42,2019,5,21,효과
2957,42,2019,5,21,사용
2958,42,2019,5,21,시간
2959,42,2019,5,21,속도
2960,42,2019,5,21,시각
2961,42,2019,5,21,의견
2962,42,2019,5,21,주먹
2963,42,2019,5,21,범위
2964,42,2019,5,21,제대로
2965,42,2019,5,21,충격
2966,42,2019,5,21,카트
2967,42,2019,5,21,충전
2968,42,2019,5,21,회복
2969,42,2019,5,21,여러분
2970,42,2019,5,21,일치
2971,42,2019,5,21,자연
2972,42,2019,5,21,기절
2973,42,2019,5,21,미리
2974,42,2019,5,21,특수
2975,43,2019,4,30,수정
2976,43,2019,4,30,피해
2977,43,2019,4,30,감소
2978,43,2019,4,30,점검
2979,43,2019,4,30,상대
2980,43,2019,4,30,로사
2981,43,2019,4,30,공격
2982,43,2019,4,30,지속
2983,43,2019,4,30,표시
2984,43,2019,4,30,소량
2985,43,2019,4,30,대한
2986,43,2019,4,30,효과
2987,43,2019,4,30,문제
2988,43,2019,4,30,시간
2989,43,2019,4,30,시각
2990,43,2019,4,30,의견
2991,43,2019,4,30,여러분
2992,43,2019,4,30,정상
2993,43,2019,4,30,특수
2994,44,2019,4,18,수정
2995,44,2019,4,18,플레이
2996,44,2019,4,18,관련
2997,44,2019,4,18,파워
2998,44,2019,4,18,점검
2999,44,2019,4,18,수집
3000,44,2019,4,18,회전
3001,44,2019,4,18,효과음
3002,44,2019,4,18,공격
3003,44,2019,4,18,광산
3004,44,2019,4,18,열차
3005,44,2019,4,18,작동
3006,44,2019,4,18,대한
3007,44,2019,4,18,큐브
3008,44,2019,4,18,문제
3009,44,2019,4,18,광기
3010,44,2019,4,18,의견
3011,44,2019,4,18,링크
3012,44,2019,4,18,에너지
3013,44,2019,4,18,카트
3014,44,2019,4,18,여러분
3015,44,2019,4,18,의도
3016,44,2019,4,18,특수
3017,45,2019,4,15,금고
3018,45,2019,4,15,희귀
3019,45,2019,4,15,고물
3020,45,2019,4,15,색상
3021,45,2019,4,15,선택
3022,45,2019,4,15,확인
3023,45,2019,4,15,포탑
3024,45,2019,4,15,상호작용
3025,45,2019,4,15,페니
3026,45,2019,4,15,드링크
3027,45,2019,4,15,스트레이트
3028,45,2019,4,15,폴란드어
3029,45,2019,4,15,골드
3030,45,2019,4,15,스테이지
3031,45,2019,4,15,공격
3032,45,2019,4,15,조정
3033,45,2019,4,15,광산
3034,45,2019,4,15,볼트
3035,45,2019,4,15,네트워크
3036,45,2019,4,15,오디오
3037,45,2019,4,15,레온
3038,45,2019,4,15,애니메이션
3039,45,2019,4,15,팩토리
3040,45,2019,4,15,공중
3041,45,2019,4,15,프로필
3042,45,2019,4,15,합류
3043,45,2019,4,15,화면
3044,45,2019,4,15,보고
3045,45,2019,4,15,버섯
3046,45,2019,4,15,주먹
3047,45,2019,4,15,동시
3048,45,2019,4,15,조금
3049,45,2019,4,15,즉시
3050,45,2019,4,15,영역
3051,45,2019,4,15,덩굴
3052,45,2019,4,15,영향
3053,45,2019,4,15,판타지
3054,45,2019,4,15,메이킹
3055,45,2019,4,15,수락
3056,45,2019,4,15,체험
3057,45,2019,4,15,기절
3058,45,2019,4,15,자책골
3059,45,2019,4,15,폭발
3060,45,2019,4,15,이동
3061,45,2019,4,15,매칭
3062,45,2019,4,15,버튼
3063,45,2019,4,15,요소
3064,45,2019,4,15,라이브
3065,45,2019,4,15,개선
3066,45,2019,4,15,스킨
3067,45,2019,4,15,튜토리얼
3068,45,2019,4,15,기술
3069,45,2019,4,15,히브리어
3070,45,2019,4,15,프랭크
3071,45,2019,4,15,중일
3072,45,2019,4,15,신규
3073,45,2019,4,15,상태
3074,45,2019,4,15,피해
3075,45,2019,4,15,덤불
3076,45,2019,4,15,일부
3077,45,2019,4,15,추가
3078,45,2019,4,15,티밍
3079,45,2019,4,15,공개
3080,45,2019,4,15,랭크
3081,45,2019,4,15,모든
3082,45,2019,4,15,근처
3083,45,2019,4,15,감소
3084,45,2019,4,15,기능
3085,45,2019,4,15,게임
3086,45,2019,4,15,상대
3087,45,2019,4,15,거절
3088,45,2019,4,15,골로
3089,45,2019,4,15,로사
3090,45,2019,4,15,열차
3091,45,2019,4,15,엘프
3092,45,2019,4,15,브룩
3093,45,2019,4,15,증가
3094,45,2019,4,15,정보
3095,45,2019,4,15,두번째
3096,45,2019,4,15,로봇
3097,45,2019,4,15,이상
3098,45,2019,4,15,토끼
3099,45,2019,4,15,효과
3100,45,2019,4,15,문제
3101,45,2019,4,15,로보
3102,45,2019,4,15,이벤트
3103,45,2019,4,15,사용
3104,45,2019,4,15,클럽
3105,45,2019,4,15,의견
3106,45,2019,4,15,스파이크
3107,45,2019,4,15,보상
3108,45,2019,4,15,범위
3109,45,2019,4,15,플레이어
3110,45,2019,4,15,마지막
3111,45,2019,4,15,트로피
3112,45,2019,4,15,럼블
3113,45,2019,4,15,에너지
3114,45,2019,4,15,향상
3115,45,2019,4,15,접속
3116,45,2019,4,15,진행
3117,45,2019,4,15,공이
3118,45,2019,4,15,토큰
3119,45,2019,4,15,미리
3120,45,2019,4,15,통계
3121,45,2019,4,15,제외
3122,45,2019,4,15,메뉴
3123,45,2019,4,15,모드
3124,45,2019,4,15,롤러
3125,45,2019,4,15,반경
3126,45,2019,4,15,유성우
3127,45,2019,4,15,오류
3128,45,2019,4,15,종료
3129,45,2019,4,15,일반
3130,45,2019,4,15,중앙
3131,45,2019,4,15,관전
3132,45,2019,4,15,처음
3133,45,2019,4,15,참가
3134,45,2019,4,15,파워
3135,45,2019,4,15,목표
3136,45,2019,4,15,소환
3137,45,2019,4,15,테마
3138,45,2019,4,15,런웨이
3139,45,2019,4,15,겨냥
3140,45,2019,4,15,표시
3141,45,2019,4,15,중인
3142,45,2019,4,15,밸런스
3143,45,2019,4,15,아래
3144,45,2019,4,15,보호
3145,45,2019,4,15,사체
3146,45,2019,4,15,통해
3147,45,2019,4,15,동안
3148,45,2019,4,15,무리
3149,45,2019,4,15,선수
3150,45,2019,4,15,대포
3151,45,2019,4,15,대기
3152,45,2019,4,15,이중
3153,45,2019,4,15,광기
3154,45,2019,4,15,대한
3155,45,2019,4,15,표기
3156,45,2019,4,15,태그
3157,45,2019,4,15,음성
3158,45,2019,4,15,로얄
3159,45,2019,4,15,철로
3160,45,2019,4,15,언어
3161,45,2019,4,15,시즌
3162,45,2019,4,15,플라잉
3163,45,2019,4,15,여러분
3164,45,2019,4,15,자연
3165,45,2019,4,15,친선
3166,45,2019,4,15,메인
3167,45,2019,4,15,음악
3168,45,2019,4,15,인정
3169,45,2019,4,15,수준
3170,45,2019,4,15,기존
3171,45,2019,4,15,튕겨
3172,45,2019,4,15,타로
3173,45,2019,4,15,특수
3174,45,2019,4,15,시청
3175,45,2019,4,15,이후
3176,45,2019,4,15,매치
3177,45,2019,4,15,수정
3178,45,2019,4,15,멤버
3179,45,2019,4,15,조립
3180,45,2019,4,15,공원
3181,45,2019,4,15,사항
3182,45,2019,4,15,플레이
3183,45,2019,4,15,물이
3184,45,2019,4,15,이름
3185,45,2019,4,15,무료
3186,45,2019,4,15,처리
3187,45,2019,4,15,스타
3188,45,2019,4,15,분노
3189,45,2019,4,15,멀리
3190,45,2019,4,15,내용
3191,45,2019,4,15,발리
3192,45,2019,4,15,센터
3193,45,2019,4,15,변경
3194,45,2019,4,15,파괴
3195,45,2019,4,15,박스
3196,45,2019,4,15,발동
3197,45,2019,4,15,라인
3198,45,2019,4,15,프리
3199,45,2019,4,15,다운
3200,45,2019,4,15,브롤
3201,45,2019,4,15,보스
3202,45,2019,4,15,업데이트
3203,45,2019,4,15,가능
3204,45,2019,4,15,시간
3205,45,2019,4,15,시각
3206,45,2019,4,15,시바견
3207,45,2019,4,15,아이콘
3208,45,2019,4,15,지역
3209,45,2019,4,15,전투
3210,45,2019,4,15,안정
3211,45,2019,4,15,수트
3212,45,2019,4,15,요청
3213,45,2019,4,15,충격
3214,45,2019,4,15,실험
3215,45,2019,4,15,제거
3216,45,2019,4,15,회복
3217,45,2019,4,15,모델링
3218,45,2019,4,15,위험
3219,45,2019,4,15,보석
3220,45,2019,4,15,브롤러
3221,45,2019,4,15,스파링
3222,46,2019,4,15,수정
3223,46,2019,4,15,크로우
3224,46,2019,4,15,쉘리
3225,46,2019,4,15,산탄총
3226,46,2019,4,15,피해
3227,46,2019,4,15,전이
3228,46,2019,4,15,일반
3229,46,2019,4,15,자동
3230,46,2019,4,15,근처
3231,46,2019,4,15,감소
3232,46,2019,4,15,파워
3233,46,2019,4,15,회전
3234,46,2019,4,15,스타
3235,46,2019,4,15,목표
3236,46,2019,4,15,상대
3237,46,2019,4,15,분할
3238,46,2019,4,15,내용
3239,46,2019,4,15,도중
3240,46,2019,4,15,조준
3241,46,2019,4,15,처치
3242,46,2019,4,15,공격
3243,46,2019,4,15,조정
3244,46,2019,4,15,포코
3245,46,2019,4,15,지속
3246,46,2019,4,15,연막탄
3247,46,2019,4,15,변경
3248,46,2019,4,15,곡괭이
3249,46,2019,4,15,파괴
3250,46,2019,4,15,발동
3251,46,2019,4,15,애니메이션
3252,46,2019,4,15,밸런스
3253,46,2019,4,15,고려
3254,46,2019,4,15,증가
3255,46,2019,4,15,레온
3256,46,2019,4,15,장전
3257,46,2019,4,15,타일
3258,46,2019,4,15,사체
3259,46,2019,4,15,공중
3260,46,2019,4,15,터렛
3261,46,2019,4,15,동안
3262,46,2019,4,15,대한
3263,46,2019,4,15,보스
3264,46,2019,4,15,메탈
3265,46,2019,4,15,투척
3266,46,2019,4,15,문제
3267,46,2019,4,15,효과
3268,46,2019,4,15,사용
3269,46,2019,4,15,속도
3270,46,2019,4,15,시간
3271,46,2019,4,15,재생
3272,46,2019,4,15,수류탄
3273,46,2019,4,15,로보
3274,46,2019,4,15,의견
3275,46,2019,4,15,스파이크
3276,46,2019,4,15,범위
3277,46,2019,4,15,앙코르
3278,46,2019,4,15,지형
3279,46,2019,4,15,카트
3280,46,2019,4,15,레벨
3281,46,2019,4,15,스톰
3282,46,2019,4,15,회복
3283,46,2019,4,15,여러분
3284,46,2019,4,15,기절
3285,46,2019,4,15,위치
3286,46,2019,4,15,브롤러
3287,46,2019,4,15,사이
3288,46,2019,4,15,대릴
3289,46,2019,4,15,단검
3290,46,2019,4,15,이제
3291,46,2019,4,15,힐링
3292,46,2019,4,15,특수
3293,46,2019,4,15,부활
3294,47,2019,3,15,포탑
3295,47,2019,3,15,페니
3296,47,2019,3,15,적용
3297,47,2019,3,15,발사
3298,47,2019,3,15,공격
3299,47,2019,3,15,조정
3300,47,2019,3,15,볼트
3301,47,2019,3,15,크게
3302,47,2019,3,15,암흑
3303,47,2019,3,15,팩토리
3304,47,2019,3,15,위함
3305,47,2019,3,15,화면
3306,47,2019,3,15,티스
3307,47,2019,3,15,진의
3308,47,2019,3,15,조금
3309,47,2019,3,15,폭발
3310,47,2019,3,15,변화
3311,47,2019,3,15,개선
3312,47,2019,3,15,스킨
3313,47,2019,3,15,덤불
3314,47,2019,3,15,피해
3315,47,2019,3,15,감소
3316,47,2019,3,15,점검
3317,47,2019,3,15,게임
3318,47,2019,3,15,물의
3319,47,2019,3,15,약간
3320,47,2019,3,15,점프
3321,47,2019,3,15,증가
3322,47,2019,3,15,할인
3323,47,2019,3,15,항상
3324,47,2019,3,15,터렛
3325,47,2019,3,15,로봇
3326,47,2019,3,15,이상
3327,47,2019,3,15,효과
3328,47,2019,3,15,해당
3329,47,2019,3,15,의견
3330,47,2019,3,15,진행
3331,47,2019,3,15,패드
3332,47,2019,3,15,자주
3333,47,2019,3,15,이번
3334,47,2019,3,15,눈덩이
3335,47,2019,3,15,모드
3336,47,2019,3,15,이해
3337,47,2019,3,15,입지
3338,47,2019,3,15,모습
3339,47,2019,3,15,종료
3340,47,2019,3,15,중앙
3341,47,2019,3,15,체력
3342,47,2019,3,15,매직
3343,47,2019,3,15,목표
3344,47,2019,3,15,소환
3345,47,2019,3,15,발생
3346,47,2019,3,15,핸드
3347,47,2019,3,15,머리
3348,47,2019,3,15,사체
3349,47,2019,3,15,통해
3350,47,2019,3,15,대한
3351,47,2019,3,15,사거리
3352,47,2019,3,15,여러분
3353,47,2019,3,15,기존
3354,47,2019,3,15,이후
3355,47,2019,3,15,특수
3356,47,2019,3,15,수정
3357,47,2019,3,15,지점
3358,47,2019,3,15,덕분
3359,47,2019,3,15,조립
3360,47,2019,3,15,플레이
3361,47,2019,3,15,브록
3362,47,2019,3,15,제시
3363,47,2019,3,15,무작위
3364,47,2019,3,15,지연
3365,47,2019,3,15,타라
3366,47,2019,3,15,변경
3367,47,2019,3,15,파괴
3368,47,2019,3,15,인기
3369,47,2019,3,15,타일
3370,47,2019,3,15,마녀
3371,47,2019,3,15,시간
3372,47,2019,3,15,가격
3373,47,2019,3,15,속도
3374,47,2019,3,15,시각
3375,47,2019,3,15,모두
3376,47,2019,3,15,브롤러
3377,48,2019,3,5,수정
3378,48,2019,3,5,모드
3379,48,2019,3,5,상태
3380,48,2019,3,5,선택
3381,48,2019,3,5,일부
3382,48,2019,3,5,추가
3383,48,2019,3,5,오류
3384,48,2019,3,5,종료
3385,48,2019,3,5,일반
3386,48,2019,3,5,중앙
3387,48,2019,3,5,관전
3388,48,2019,3,5,윤곽
3389,48,2019,3,5,체력
3390,48,2019,3,5,기능
3391,48,2019,3,5,게임
3392,48,2019,3,5,상대
3393,48,2019,3,5,적용
3394,48,2019,3,5,누락
3395,48,2019,3,5,텍스트
3396,48,2019,3,5,공격
3397,48,2019,3,5,조정
3398,48,2019,3,5,창의
3399,48,2019,3,5,거꾸로
3400,48,2019,3,5,표시
3401,48,2019,3,5,변경
3402,48,2019,3,5,특별
3403,48,2019,3,5,카운트다운
3404,48,2019,3,5,경우
3405,48,2019,3,5,정보
3406,48,2019,3,5,숫자
3407,48,2019,3,5,팩토리
3408,48,2019,3,5,로봇
3409,48,2019,3,5,대한
3410,48,2019,3,5,화면
3411,48,2019,3,5,업데이트
3412,48,2019,3,5,효과
3413,48,2019,3,5,문제
3414,48,2019,3,5,이벤트
3415,48,2019,3,5,아이콘
3416,48,2019,3,5,의견
3417,48,2019,3,5,상단
3418,48,2019,3,5,전투
3419,48,2019,3,5,트로피
3420,48,2019,3,5,진행
3421,48,2019,3,5,영역
3422,48,2019,3,5,직접
3423,48,2019,3,5,안내
3424,48,2019,3,5,여러분
3425,48,2019,3,5,변동
3426,48,2019,3,5,충돌
3427,48,2019,3,5,위치
3428,48,2019,3,5,특수
3429,48,2019,3,5,개선
3430,49,2019,2,27,확인
3431,49,2019,2,27,포탑
3432,49,2019,2,27,콜트
3433,49,2019,2,27,상호작용
3434,49,2019,2,27,로우
3435,49,2019,2,27,회전
3436,49,2019,2,27,페니
3437,49,2019,2,27,효과음
3438,49,2019,2,27,적용
3439,49,2019,2,27,공격
3440,49,2019,2,27,조정
3441,49,2019,2,27,볼트
3442,49,2019,2,27,곡괭이
3443,49,2019,2,27,경우
3444,49,2019,2,27,생일
3445,49,2019,2,27,거나
3446,49,2019,2,27,초희
3447,49,2019,2,27,팩토리
3448,49,2019,2,27,합류
3449,49,2019,2,27,티스
3450,49,2019,2,27,특수요원
3451,49,2019,2,27,카트
3452,49,2019,2,27,기념
3453,49,2019,2,27,환경
3454,49,2019,2,27,이동
3455,49,2019,2,27,요소
3456,49,2019,2,27,개선
3457,49,2019,2,27,스킨
3458,49,2019,2,27,도달
3459,49,2019,2,27,로테이션
3460,49,2019,2,27,피해
3461,49,2019,2,27,일부
3462,49,2019,2,27,추가
3463,49,2019,2,27,공개
3464,49,2019,2,27,도울
3465,49,2019,2,27,모든
3466,49,2019,2,27,감소
3467,49,2019,2,27,정렬
3468,49,2019,2,27,기능
3469,49,2019,2,27,게임
3470,49,2019,2,27,특별
3471,49,2019,2,27,증가
3472,49,2019,2,27,점프
3473,49,2019,2,27,로봇
3474,49,2019,2,27,차도
3475,49,2019,2,27,방해
3476,49,2019,2,27,경험치
3477,49,2019,2,27,효과
3478,49,2019,2,27,문제
3479,49,2019,2,27,이벤트
3480,49,2019,2,27,설정
3481,49,2019,2,27,금지
3482,49,2019,2,27,의견
3483,49,2019,2,27,트로피
3484,49,2019,2,27,진행
3485,49,2019,2,27,패드
3486,49,2019,2,27,토큰
3487,49,2019,2,27,부활
3488,49,2019,2,27,등장
3489,49,2019,2,27,간격
3490,49,2019,2,27,모드
3491,49,2019,2,27,메뉴
3492,49,2019,2,27,롤러
3493,49,2019,2,27,유성우
3494,49,2019,2,27,일반
3495,49,2019,2,27,중앙
3496,49,2019,2,27,슬롯
3497,49,2019,2,27,파워
3498,49,2019,2,27,목표
3499,49,2019,2,27,피디
3500,49,2019,2,27,주변
3501,49,2019,2,27,클래시
3502,49,2019,2,27,밸런스
3503,49,2019,2,27,대한
3504,49,2019,2,27,대기
3505,49,2019,2,27,사거리
3506,49,2019,2,27,초대
3507,49,2019,2,27,비행
3508,49,2019,2,27,음성
3509,49,2019,2,27,로얄
3510,49,2019,2,27,레벨
3511,49,2019,2,27,충전
3512,49,2019,2,27,여러분
3513,49,2019,2,27,친선
3514,49,2019,2,27,하나
3515,49,2019,2,27,음악
3516,49,2019,2,27,특수
3517,49,2019,2,27,소모
3518,49,2019,2,27,듀오
3519,49,2019,2,27,수정
3520,49,2019,2,27,조립
3521,49,2019,2,27,플레이
3522,49,2019,2,27,관통
3523,49,2019,2,27,사항
3524,49,2019,2,27,가지
3525,49,2019,2,27,수집
3526,49,2019,2,27,스타
3527,49,2019,2,27,목록
3528,49,2019,2,27,다시
3529,49,2019,2,27,내용
3530,49,2019,2,27,도중
3531,49,2019,2,27,최대
3532,49,2019,2,27,발리
3533,49,2019,2,27,변경
3534,49,2019,2,27,파괴
3535,49,2019,2,27,볼륨
3536,49,2019,2,27,브롤
3537,49,2019,2,27,다운
3538,49,2019,2,27,보스
3539,49,2019,2,27,업데이트
3540,49,2019,2,27,속도
3541,49,2019,2,27,시간
3542,49,2019,2,27,시각
3543,49,2019,2,27,일정
3544,49,2019,2,27,포함
3545,49,2019,2,27,커뮤니티
3546,49,2019,2,27,브롤러
3547,50,2019,2,27,이스트
3548,50,2019,2,27,금고
3549,50,2019,2,27,크로우
3550,50,2019,2,27,모드
3551,50,2019,2,27,상태
3552,50,2019,2,27,롤러
3553,50,2019,2,27,피해
3554,50,2019,2,27,크기
3555,50,2019,2,27,배럴
3556,50,2019,2,27,반경
3557,50,2019,2,27,자동
3558,50,2019,2,27,일반
3559,50,2019,2,27,공통
3560,50,2019,2,27,체력
3561,50,2019,2,27,감소
3562,50,2019,2,27,매직
3563,50,2019,2,27,파워
3564,50,2019,2,27,롤링
3565,50,2019,2,27,스타
3566,50,2019,2,27,화살
3567,50,2019,2,27,게임
3568,50,2019,2,27,분노
3569,50,2019,2,27,내용
3570,50,2019,2,27,통과
3571,50,2019,2,27,발리
3572,50,2019,2,27,공격
3573,50,2019,2,27,조정
3574,50,2019,2,27,핸드
3575,50,2019,2,27,수리검
3576,50,2019,2,27,연막탄
3577,50,2019,2,27,영혼
3578,50,2019,2,27,변경
3579,50,2019,2,27,라스트
3580,50,2019,2,27,레온
3581,50,2019,2,27,밸런스
3582,50,2019,2,27,증가
3583,50,2019,2,27,장전
3584,50,2019,2,27,타일
3585,50,2019,2,27,사체
3586,50,2019,2,27,횟수
3587,50,2019,2,27,로봇
3588,50,2019,2,27,대한
3589,50,2019,2,27,다운
3590,50,2019,2,27,획득
3591,50,2019,2,27,메탈
3592,50,2019,2,27,투척
3593,50,2019,2,27,효과
3594,50,2019,2,27,속도
3595,50,2019,2,27,시간
3596,50,2019,2,27,티스
3597,50,2019,2,27,로보
3598,50,2019,2,27,버섯
3599,50,2019,2,27,사냥
3600,50,2019,2,27,의견
3601,50,2019,2,27,후반
3602,50,2019,2,27,럼블
3603,50,2019,2,27,근접
3604,50,2019,2,27,에너지
3605,50,2019,2,27,링크
3606,50,2019,2,27,독수리
3607,50,2019,2,27,충전
3608,50,2019,2,27,오라
3609,50,2019,2,27,회복
3610,50,2019,2,27,보이지
3611,50,2019,2,27,스톰
3612,50,2019,2,27,우선
3613,50,2019,2,27,여러분
3614,50,2019,2,27,물품
3615,50,2019,2,27,대릴
3616,50,2019,2,27,단검
3617,50,2019,2,27,부가
3618,50,2019,2,27,특수
3619,50,2019,2,27,등장
3620,51,2019,2,14,수정
3621,51,2019,2,14,도전
3622,51,2019,2,14,점검
3623,51,2019,2,14,분노
3624,51,2019,2,14,게임
3625,51,2019,2,14,단계
3626,51,2019,2,14,발생
3627,51,2019,2,14,표시
3628,51,2019,2,14,타이머
3629,51,2019,2,14,대한
3630,51,2019,2,14,보스
3631,51,2019,2,14,문제
3632,51,2019,2,14,의견
3633,51,2019,2,14,레벨
3634,51,2019,2,14,메이킹
3635,51,2019,2,14,여러분
3636,51,2019,2,14,친선
3637,51,2019,2,14,마무리
3638,51,2019,2,14,매치
3639,51,2019,2,14,개선
3640,52,2019,2,8,수정
3641,52,2019,2,8,오버타임
3642,52,2019,2,8,가입
3643,52,2019,2,8,버튼
3644,52,2019,2,8,모드
3645,52,2019,2,8,색상
3646,52,2019,2,8,선택
3647,52,2019,2,8,팔로잉
3648,52,2019,2,8,가독성
3649,52,2019,2,8,추가
3650,52,2019,2,8,플레이
3651,52,2019,2,8,오류
3652,52,2019,2,8,종료
3653,52,2019,2,8,이름
3654,52,2019,2,8,관전
3655,52,2019,2,8,감소
3656,52,2019,2,8,윤곽
3657,52,2019,2,8,기능
3658,52,2019,2,8,적용
3659,52,2019,2,8,다시
3660,52,2019,2,8,테마
3661,52,2019,2,8,상자
3662,52,2019,2,8,메뉴
3663,52,2019,2,8,메모리
3664,52,2019,2,8,텍스트
3665,52,2019,2,8,공격
3666,52,2019,2,8,네트워크
3667,52,2019,2,8,표시
3668,52,2019,2,8,변경
3669,52,2019,2,8,저장
3670,52,2019,2,8,카운트다운
3671,52,2019,2,8,기본
3672,52,2019,2,8,최적화
3673,52,2019,2,8,대한
3674,52,2019,2,8,다운
3675,52,2019,2,8,대기
3676,52,2019,2,8,이상
3677,52,2019,2,8,화면
3678,52,2019,2,8,업데이트
3679,52,2019,2,8,문제
3680,52,2019,2,8,문구
3681,52,2019,2,8,시간
3682,52,2019,2,8,환영
3683,52,2019,2,8,초대
3684,52,2019,2,8,설정
3685,52,2019,2,8,사용
3686,52,2019,2,8,잘못
3687,52,2019,2,8,클럽
3688,52,2019,2,8,안정
3689,52,2019,2,8,의견
3690,52,2019,2,8,플레이어
3691,52,2019,2,8,위해
3692,52,2019,2,8,링크
3693,52,2019,2,8,진행
3694,52,2019,2,8,요청
3695,52,2019,2,8,직접
3696,52,2019,2,8,안내
3697,52,2019,2,8,메이킹
3698,52,2019,2,8,여러분
3699,52,2019,2,8,수락
3700,52,2019,2,8,기절
3701,52,2019,2,8,이전
3702,52,2019,2,8,음악
3703,52,2019,2,8,강제
3704,52,2019,2,8,가끔
3705,52,2019,2,8,정상
3706,52,2019,2,8,설날
3707,52,2019,2,8,매치
3708,52,2019,2,8,노래
3709,52,2019,2,8,개선
3710,53,2019,2,7,수정
3711,53,2019,2,7,프랭크
3712,53,2019,2,7,모드
3713,53,2019,2,7,롤러
3714,53,2019,2,7,추가
3715,53,2019,2,7,플레이
3716,53,2019,2,7,파티
3717,53,2019,2,7,근처
3718,53,2019,2,7,활성화
3719,53,2019,2,7,기능
3720,53,2019,2,7,파워
3721,53,2019,2,7,점검
3722,53,2019,2,7,스타
3723,53,2019,2,7,상대
3724,53,2019,2,7,게임
3725,53,2019,2,7,다시
3726,53,2019,2,7,가장
3727,53,2019,2,7,매커니즘
3728,53,2019,2,7,변경
3729,53,2019,2,7,파괴
3730,53,2019,2,7,약간
3731,53,2019,2,7,기준
3732,53,2019,2,7,증가
3733,53,2019,2,7,대한
3734,53,2019,2,7,브롤
3735,53,2019,2,7,획득
3736,53,2019,2,7,효과
3737,53,2019,2,7,문제
3738,53,2019,2,7,시간
3739,53,2019,2,7,방지
3740,53,2019,2,7,티스
3741,53,2019,2,7,의견
3742,53,2019,2,7,트로피
3743,53,2019,2,7,플레이어
3744,53,2019,2,7,진행
3745,53,2019,2,7,더미
3746,53,2019,2,7,매치
3747,53,2019,2,7,보이지
3748,53,2019,2,7,메이킹
3749,53,2019,2,7,방법
3750,53,2019,2,7,여러분
3751,53,2019,2,7,위치
3752,53,2019,2,7,이제
3753,53,2019,2,7,부활
3754,53,2019,2,7,개선
3755,54,2019,1,29,모델
3756,54,2019,1,29,확인
3757,54,2019,1,29,콜트
3758,54,2019,1,29,사람
3759,54,2019,1,29,램프
3760,54,2019,1,29,공격
3761,54,2019,1,29,조정
3762,54,2019,1,29,한도
3763,54,2019,1,29,채팅
3764,54,2019,1,29,경우
3765,54,2019,1,29,삭제
3766,54,2019,1,29,합류
3767,54,2019,1,29,티스
3768,54,2019,1,29,공동
3769,54,2019,1,29,혼자
3770,54,2019,1,29,위해
3771,54,2019,1,29,검색
3772,54,2019,1,29,벚꽃
3773,54,2019,1,29,기념
3774,54,2019,1,29,대릴
3775,54,2019,1,29,버튼
3776,54,2019,1,29,개선
3777,54,2019,1,29,스킨
3778,54,2019,1,29,바로
3779,54,2019,1,29,세레나데
3780,54,2019,1,29,상태
3781,54,2019,1,29,추가
3782,54,2019,1,29,공개
3783,54,2019,1,29,연습
3784,54,2019,1,29,게임
3785,54,2019,1,29,특별
3786,54,2019,1,29,약간
3787,54,2019,1,29,대표
3788,54,2019,1,29,증가
3789,54,2019,1,29,기타
3790,54,2019,1,29,사용
3791,54,2019,1,29,효과
3792,54,2019,1,29,이벤트
3793,54,2019,1,29,설정
3794,54,2019,1,29,클럽
3795,54,2019,1,29,의견
3796,54,2019,1,29,스파이크
3797,54,2019,1,29,플레이어
3798,54,2019,1,29,진행
3799,54,2019,1,29,만두
3800,54,2019,1,29,토큰
3801,54,2019,1,29,팝콘
3802,54,2019,1,29,가끔
3803,54,2019,1,29,설날
3804,54,2019,1,29,등장
3805,54,2019,1,29,이스트
3806,54,2019,1,29,가입
3807,54,2019,1,29,모드
3808,54,2019,1,29,롤러
3809,54,2019,1,29,유지
3810,54,2019,1,29,슬롯
3811,54,2019,1,29,파워
3812,54,2019,1,29,암행어사
3813,54,2019,1,29,근거리
3814,54,2019,1,29,포코
3815,54,2019,1,29,인하
3816,54,2019,1,29,다른
3817,54,2019,1,29,밸런스
3818,54,2019,1,29,대한
3819,54,2019,1,29,순위표
3820,54,2019,1,29,스타즈
3821,54,2019,1,29,사자춤
3822,54,2019,1,29,흡수
3823,54,2019,1,29,음성
3824,54,2019,1,29,여러분
3825,54,2019,1,29,원거리
3826,54,2019,1,29,친선
3827,54,2019,1,29,위치
3828,54,2019,1,29,기존
3829,54,2019,1,29,시도
3830,54,2019,1,29,특수
3831,54,2019,1,29,상점
3832,54,2019,1,29,핑크
3833,54,2019,1,29,재화
3834,54,2019,1,29,플레이
3835,54,2019,1,29,지원
3836,54,2019,1,29,브록
3837,54,2019,1,29,바운티
3838,54,2019,1,29,스타
3839,54,2019,1,29,마법
3840,54,2019,1,29,다시
3841,54,2019,1,29,도중
3842,54,2019,1,29,내용
3843,54,2019,1,29,변경
3844,54,2019,1,29,퍼포먼스
3845,54,2019,1,29,자신
3846,54,2019,1,29,다운
3847,54,2019,1,29,브롤
3848,54,2019,1,29,업데이트
3849,54,2019,1,29,가격
3850,54,2019,1,29,모두
3851,54,2019,1,29,시각
3852,54,2019,1,29,지역
3853,54,2019,1,29,무언
3854,54,2019,1,29,리코
3855,54,2019,1,29,포함
3856,54,2019,1,29,터치
3857,54,2019,1,29,이전
3858,54,2019,1,29,보석
3859,54,2019,1,29,브롤러
3860,55,2019,1,26,금고
3861,55,2019,1,26,피해량
3862,55,2019,1,26,공격
3863,55,2019,1,26,조정
3864,55,2019,1,26,연막탄
3865,55,2019,1,26,라스트
3866,55,2019,1,26,경우
3867,55,2019,1,26,레온
3868,55,2019,1,26,초당
3869,55,2019,1,26,가시거리
3870,55,2019,1,26,블랙
3871,55,2019,1,26,티스
3872,55,2019,1,26,즉시
3873,55,2019,1,26,중첩
3874,55,2019,1,26,은신
3875,55,2019,1,26,독수리
3876,55,2019,1,26,메이킹
3877,55,2019,1,26,테라
3878,55,2019,1,26,대릴
3879,55,2019,1,26,이제
3880,55,2019,1,26,난이도
3881,55,2019,1,26,프랭크
3882,55,2019,1,26,상태
3883,55,2019,1,26,피해
3884,55,2019,1,26,덤불
3885,55,2019,1,26,추가
3886,55,2019,1,26,에고
3887,55,2019,1,26,공통
3888,55,2019,1,26,감소
3889,55,2019,1,26,뿜어져
3890,55,2019,1,26,화살
3891,55,2019,1,26,게임
3892,55,2019,1,26,상대
3893,55,2019,1,26,다음
3894,55,2019,1,26,네이팜
3895,55,2019,1,26,지속
3896,55,2019,1,26,수리검
3897,55,2019,1,26,해골
3898,55,2019,1,26,증가
3899,55,2019,1,26,언제
3900,55,2019,1,26,이상
3901,55,2019,1,26,기타
3902,55,2019,1,26,사용
3903,55,2019,1,26,그림자
3904,55,2019,1,26,서로
3905,55,2019,1,26,의견
3906,55,2019,1,26,트로피
3907,55,2019,1,26,범위
3908,55,2019,1,26,플레이어
3909,55,2019,1,26,알코올
3910,55,2019,1,26,더블
3911,55,2019,1,26,부활
3912,55,2019,1,26,간격
3913,55,2019,1,26,이스트
3914,55,2019,1,26,모드
3915,55,2019,1,26,롤러
3916,55,2019,1,26,듀스
3917,55,2019,1,26,조작
3918,55,2019,1,26,일반
3919,55,2019,1,26,체력
3920,55,2019,1,26,후프
3921,55,2019,1,26,파워
3922,55,2019,1,26,처치
3923,55,2019,1,26,포코
3924,55,2019,1,26,폭발물
3925,55,2019,1,26,괴물
3926,55,2019,1,26,소량
3927,55,2019,1,26,중인
3928,55,2019,1,26,밸런스
3929,55,2019,1,26,보라색
3930,55,2019,1,26,공백
3931,55,2019,1,26,동안
3932,55,2019,1,26,대한
3933,55,2019,1,26,투척
3934,55,2019,1,26,골문
3935,55,2019,1,26,표기
3936,55,2019,1,26,사냥
3937,55,2019,1,26,여러분
3938,55,2019,1,26,시작
3939,55,2019,1,26,특수
3940,55,2019,1,26,이후
3941,55,2019,1,26,강철
3942,55,2019,1,26,매치
3943,55,2019,1,26,소모
3944,55,2019,1,26,듀오
3945,55,2019,1,26,플레이
3946,55,2019,1,26,브록
3947,55,2019,1,26,바운티
3948,55,2019,1,26,이름
3949,55,2019,1,26,스타
3950,55,2019,1,26,다시
3951,55,2019,1,26,내용
3952,55,2019,1,26,발리
3953,55,2019,1,26,또한
3954,55,2019,1,26,변경
3955,55,2019,1,26,타라
3956,55,2019,1,26,통탄
3957,55,2019,1,26,프리
3958,55,2019,1,26,타일
3959,55,2019,1,26,구름
3960,55,2019,1,26,브롤
3961,55,2019,1,26,다운
3962,55,2019,1,26,로켓
3963,55,2019,1,26,보스
3964,55,2019,1,26,포털
3965,55,2019,1,26,시간
3966,55,2019,1,26,스윙
3967,55,2019,1,26,근접
3968,55,2019,1,26,초록색
3969,55,2019,1,26,리코
3970,55,2019,1,26,주지
3971,55,2019,1,26,회복
3972,55,2019,1,26,방식
3973,55,2019,1,26,브롤러
3974,55,2019,1,26,조이스틱
3975,55,2019,1,26,뮤직
3976,55,2019,1,26,축제
3977,56,2018,12,20,소모
3978,56,2018,12,20,구매
3979,56,2018,12,20,난이도
3980,56,2018,12,20,도전
3981,56,2018,12,20,모드
3982,56,2018,12,20,영광
3983,56,2018,12,20,공개
3984,56,2018,12,20,참가
3985,56,2018,12,20,산타
3986,56,2018,12,20,페니
3987,56,2018,12,20,다시
3988,56,2018,12,20,연말
3989,56,2018,12,20,처치
3990,56,2018,12,20,최고
3991,56,2018,12,20,가장
3992,56,2018,12,20,루돌프
3993,56,2018,12,20,영구
3994,56,2018,12,20,엘프
3995,56,2018,12,20,경우
3996,56,2018,12,20,명예
3997,56,2018,12,20,브롤
3998,56,2018,12,20,보스
3999,56,2018,12,20,친구
4000,56,2018,12,20,로보
4001,56,2018,12,20,스타즈
4002,56,2018,12,20,보상
4003,56,2018,12,20,위해
4004,56,2018,12,20,티켓
4005,56,2018,12,20,세계
4006,56,2018,12,20,마이크
4007,56,2018,12,20,소장
4008,56,2018,12,20,이후
4009,56,2018,12,20,입장
4010,56,2018,12,20,등장
4011,56,2018,12,20,스킨
4012,57,2018,12,18,수정
4013,57,2018,12,18,롤러
4014,57,2018,12,18,점검
4015,57,2018,12,18,추천
4016,57,2018,12,18,공격
4017,57,2018,12,18,노출
4018,57,2018,12,18,기준
4019,57,2018,12,18,동안
4020,57,2018,12,18,대한
4021,57,2018,12,18,기타
4022,57,2018,12,18,사용
4023,57,2018,12,18,클럽
4024,57,2018,12,18,의견
4025,57,2018,12,18,계정
4026,57,2018,12,18,여러분
4027,57,2018,12,18,기절
4028,57,2018,12,18,국가
4029,57,2018,12,18,브롤러
4030,57,2018,12,18,대릴
4031,57,2018,12,18,이동
4032,57,2018,12,18,특수
4033,58,2018,12,14,수정
4034,58,2018,12,14,모드
4035,58,2018,12,14,덤불
4036,58,2018,12,14,파워
4037,58,2018,12,14,점검
4038,58,2018,12,14,보가
4039,58,2018,12,14,게임
4040,58,2018,12,14,추천
4041,58,2018,12,14,공격
4042,58,2018,12,14,노출
4043,58,2018,12,14,기준
4044,58,2018,12,14,터렛
4045,58,2018,12,14,대한
4046,58,2018,12,14,큐브
4047,58,2018,12,14,기타
4048,58,2018,12,14,로보
4049,58,2018,12,14,클럽
4050,58,2018,12,14,의견
4051,58,2018,12,14,계정
4052,58,2018,12,14,충전
4053,58,2018,12,14,메이킹
4054,58,2018,12,14,여러분
4055,58,2018,12,14,이전
4056,58,2018,12,14,국가
4057,58,2018,12,14,브롤러
4058,58,2018,12,14,이제
4059,58,2018,12,14,특수
4060,58,2018,12,14,매치
4061,58,2018,12,14,개선
4062,59,2018,12,11,금고
4063,59,2018,12,11,선택
4064,59,2018,12,11,확인
4065,59,2018,12,11,관련
4066,59,2018,12,11,상품
4067,59,2018,12,11,사람
4068,59,2018,12,11,계속
4069,59,2018,12,11,하단
4070,59,2018,12,11,효과음
4071,59,2018,12,11,상자
4072,59,2018,12,11,공격
4073,59,2018,12,11,조정
4074,59,2018,12,11,채팅
4075,59,2018,12,11,경우
4076,59,2018,12,11,레온
4077,59,2018,12,11,애니메이션
4078,59,2018,12,11,코인
4079,59,2018,12,11,완료
4080,59,2018,12,11,프로필
4081,59,2018,12,11,화면
4082,59,2018,12,11,사양
4083,59,2018,12,11,동시
4084,59,2018,12,11,즉시
4085,59,2018,12,11,은신
4086,59,2018,12,11,수락
4087,59,2018,12,11,마이크
4088,59,2018,12,11,대릴
4089,59,2018,12,11,이동
4090,59,2018,12,11,이제
4091,59,2018,12,11,버튼
4092,59,2018,12,11,개선
4093,59,2018,12,11,프랭크
4094,59,2018,12,11,상태
4095,59,2018,12,11,덤불
4096,59,2018,12,11,추가
4097,59,2018,12,11,현재
4098,59,2018,12,11,점검
4099,59,2018,12,11,게임
4100,59,2018,12,11,잠시
4101,59,2018,12,11,측면
4102,59,2018,12,11,준비
4103,59,2018,12,11,기본
4104,59,2018,12,11,증가
4105,59,2018,12,11,정보
4106,59,2018,12,11,터렛
4107,59,2018,12,11,이상
4108,59,2018,12,11,기타
4109,59,2018,12,11,사용
4110,59,2018,12,11,문제
4111,59,2018,12,11,효과
4112,59,2018,12,11,로보
4113,59,2018,12,11,이벤트
4114,59,2018,12,11,클럽
4115,59,2018,12,11,의견
4116,59,2018,12,11,보상
4117,59,2018,12,11,트로피
4118,59,2018,12,11,플레이어
4119,59,2018,12,11,메시지
4120,59,2018,12,11,토큰
4121,59,2018,12,11,이내
4122,59,2018,12,11,부활
4123,59,2018,12,11,모드
4124,59,2018,12,11,진척
4125,59,2018,12,11,롤러
4126,59,2018,12,11,오류
4127,59,2018,12,11,종료
4128,59,2018,12,11,중앙
4129,59,2018,12,11,일반
4130,59,2018,12,11,발생
4131,59,2018,12,11,표시
4132,59,2018,12,11,블러
4133,59,2018,12,11,동안
4134,59,2018,12,11,대한
4135,59,2018,12,11,상대방
4136,59,2018,12,11,초대
4137,59,2018,12,11,누가
4138,59,2018,12,11,레벨
4139,59,2018,12,11,충전
4140,59,2018,12,11,여러분
4141,59,2018,12,11,친선
4142,59,2018,12,11,아랍어
4143,59,2018,12,11,메인
4144,59,2018,12,11,특수
4145,59,2018,12,11,상점
4146,59,2018,12,11,듀오
4147,59,2018,12,11,수정
4148,59,2018,12,11,소셜
4149,59,2018,12,11,방장
4150,59,2018,12,11,도적
4151,59,2018,12,11,무료
4152,59,2018,12,11,목록
4153,59,2018,12,11,지연
4154,59,2018,12,11,발리
4155,59,2018,12,11,변경
4156,59,2018,12,11,박스
4157,59,2018,12,11,퍼포먼스
4158,59,2018,12,11,고려
4159,59,2018,12,11,최소
4160,59,2018,12,11,브롤
4161,59,2018,12,11,다운
4162,59,2018,12,11,시간
4163,59,2018,12,11,코드
4164,59,2018,12,11,공유
4165,59,2018,12,11,제거
4166,59,2018,12,11,포함
4167,59,2018,12,11,보이지
4168,59,2018,12,11,충돌
4169,59,2018,12,11,브롤러
4170,59,2018,12,11,글씨
4171,59,2018,12,11,초원
4172,60,2018,12,5,금고
4173,60,2018,12,5,업그레이드
4174,60,2018,12,5,모델
4175,60,2018,12,5,확인
4176,60,2018,12,5,상품
4177,60,2018,12,5,사람
4178,60,2018,12,5,보가
4179,60,2018,12,5,페니
4180,60,2018,12,5,상자
4181,60,2018,12,5,골드
4182,60,2018,12,5,공격
4183,60,2018,12,5,해변
4184,60,2018,12,5,조정
4185,60,2018,12,5,연막탄
4186,60,2018,12,5,햅틱
4187,60,2018,12,5,레온
4188,60,2018,12,5,경우
4189,60,2018,12,5,코인
4190,60,2018,12,5,능력
4191,60,2018,12,5,화면
4192,60,2018,12,5,유량
4193,60,2018,12,5,버섯
4194,60,2018,12,5,동시
4195,60,2018,12,5,반응
4196,60,2018,12,5,은신
4197,60,2018,12,5,메이킹
4198,60,2018,12,5,환경
4199,60,2018,12,5,선전
4200,60,2018,12,5,마이크
4201,60,2018,12,5,이동
4202,60,2018,12,5,이제
4203,60,2018,12,5,버튼
4204,60,2018,12,5,방향
4205,60,2018,12,5,개선
4206,60,2018,12,5,스킨
4207,60,2018,12,5,이용
4208,60,2018,12,5,나뭇잎
4209,60,2018,12,5,마법사
4210,60,2018,12,5,상태
4211,60,2018,12,5,누구
4212,60,2018,12,5,피해
4213,60,2018,12,5,덤불
4214,60,2018,12,5,추가
4215,60,2018,12,5,취소
4216,60,2018,12,5,밴드
4217,60,2018,12,5,모든
4218,60,2018,12,5,감소
4219,60,2018,12,5,연습
4220,60,2018,12,5,게임
4221,60,2018,12,5,잠시
4222,60,2018,12,5,지속
4223,60,2018,12,5,수리검
4224,60,2018,12,5,기본
4225,60,2018,12,5,언제
4226,60,2018,12,5,항상
4227,60,2018,12,5,터렛
4228,60,2018,12,5,획득
4229,60,2018,12,5,이상
4230,60,2018,12,5,큐브
4231,60,2018,12,5,사용
4232,60,2018,12,5,해당
4233,60,2018,12,5,효과
4234,60,2018,12,5,로보
4235,60,2018,12,5,진동
4236,60,2018,12,5,판다
4237,60,2018,12,5,기타
4238,60,2018,12,5,사방
4239,60,2018,12,5,이벤트
4240,60,2018,12,5,클럽
4241,60,2018,12,5,의견
4242,60,2018,12,5,플레이어
4243,60,2018,12,5,럼블
4244,60,2018,12,5,진행
4245,60,2018,12,5,티켓
4246,60,2018,12,5,토큰
4247,60,2018,12,5,상위
4248,60,2018,12,5,라면
4249,60,2018,12,5,부활
4250,60,2018,12,5,등장
4251,60,2018,12,5,이스트
4252,60,2018,12,5,가입
4253,60,2018,12,5,쉘리
4254,60,2018,12,5,모드
4255,60,2018,12,5,돌진
4256,60,2018,12,5,롤러
4257,60,2018,12,5,전용
4258,60,2018,12,5,중앙
4259,60,2018,12,5,슬롯
4260,60,2018,12,5,체력
4261,60,2018,12,5,로딩
4262,60,2018,12,5,파워
4263,60,2018,12,5,소환
4264,60,2018,12,5,근거리
4265,60,2018,12,5,포코
4266,60,2018,12,5,바이킹
4267,60,2018,12,5,표시
4268,60,2018,12,5,미리보기
4269,60,2018,12,5,블러
4270,60,2018,12,5,밸런스
4271,60,2018,12,5,동안
4272,60,2018,12,5,대한
4273,60,2018,12,5,스타즈
4274,60,2018,12,5,초대
4275,60,2018,12,5,골문
4276,60,2018,12,5,흡수
4277,60,2018,12,5,신청
4278,60,2018,12,5,원호
4279,60,2018,12,5,음성
4280,60,2018,12,5,레벨
4281,60,2018,12,5,언어
4282,60,2018,12,5,충전
4283,60,2018,12,5,여러분
4284,60,2018,12,5,위치
4285,60,2018,12,5,음악
4286,60,2018,12,5,기존
4287,60,2018,12,5,특수
4288,60,2018,12,5,매치
4289,60,2018,12,5,중거리
4290,60,2018,12,5,소셜
4291,60,2018,12,5,플레이
4292,60,2018,12,5,브록
4293,60,2018,12,5,물이
4294,60,2018,12,5,바운티
4295,60,2018,12,5,도적
4296,60,2018,12,5,무료
4297,60,2018,12,5,정도
4298,60,2018,12,5,스타
4299,60,2018,12,5,목록
4300,60,2018,12,5,내용
4301,60,2018,12,5,무작위
4302,60,2018,12,5,도중
4303,60,2018,12,5,조준
4304,60,2018,12,5,발리
4305,60,2018,12,5,걱정
4306,60,2018,12,5,변경
4307,60,2018,12,5,만일
4308,60,2018,12,5,만날
4309,60,2018,12,5,중독
4310,60,2018,12,5,울림
4311,60,2018,12,5,브롤
4312,60,2018,12,5,연동
4313,60,2018,12,5,보스
4314,60,2018,12,5,친구
4315,60,2018,12,5,업데이트
4316,60,2018,12,5,가능
4317,60,2018,12,5,속도
4318,60,2018,12,5,대상
4319,60,2018,12,5,계정
4320,60,2018,12,5,제거
4321,60,2018,12,5,회복
4322,60,2018,12,5,칼날
4323,60,2018,12,5,안개
4324,60,2018,12,5,이전
4325,60,2018,12,5,물품
4326,60,2018,12,5,브롤러
4327,60,2018,12,5,조이스틱
4328,61,2018,12,5,크로우
4329,61,2018,12,5,피해
4330,61,2018,12,5,듀스
4331,61,2018,12,5,콜트
4332,61,2018,12,5,배럴
4333,61,2018,12,5,제시
4334,61,2018,12,5,체력
4335,61,2018,12,5,감소
4336,61,2018,12,5,후프
4337,61,2018,12,5,롤링
4338,61,2018,12,5,리볼버
4339,61,2018,12,5,페니
4340,61,2018,12,5,피해량
4341,61,2018,12,5,주머니
4342,61,2018,12,5,내용
4343,61,2018,12,5,무작위
4344,61,2018,12,5,중력장
4345,61,2018,12,5,공격
4346,61,2018,12,5,조정
4347,61,2018,12,5,타라
4348,61,2018,12,5,가시
4349,61,2018,12,5,밸런스
4350,61,2018,12,5,성공
4351,61,2018,12,5,증가
4352,61,2018,12,5,장전
4353,61,2018,12,5,연발
4354,61,2018,12,5,사체
4355,61,2018,12,5,공중
4356,61,2018,12,5,횟수
4357,61,2018,12,5,대포
4358,61,2018,12,5,동안
4359,61,2018,12,5,대한
4360,61,2018,12,5,이상
4361,61,2018,12,5,투척
4362,61,2018,12,5,사거리
4363,61,2018,12,5,수류탄
4364,61,2018,12,5,사용
4365,61,2018,12,5,속도
4366,61,2018,12,5,약탈
4367,61,2018,12,5,대상
4368,61,2018,12,5,의견
4369,61,2018,12,5,스파이크
4370,61,2018,12,5,불릿
4371,61,2018,12,5,스톰
4372,61,2018,12,5,충전
4373,61,2018,12,5,여러분
4374,61,2018,12,5,더블
4375,61,2018,12,5,대릴
4376,61,2018,12,5,예측
4377,61,2018,12,5,단검
4378,61,2018,12,5,자동
4379,61,2018,12,5,강철
